"date_time_start","local_name","gazetted_names","crew_members","comments","mergin_user","camera_id","gps_id","site","location","ef","temperature_c","p_h","conductivity_m_s_cm","turbidity","stage","no_visible_channel","dewatered_dry_int_channel","utm_zone","utm_easting","utm_northing","wetted_width_m","channel_width_m","wetted_width_m.channel_width_m_time","wetted_width_m_2","channel_width_m_2","wetted_width_m_2.channel_width_m_2_time","wetted_width_m_3","channel_width_m_3","wetted_width_m_3.channel_width_m_3_time","wetted_width_m_4","channel_width_m_4","wetted_width_m_4.channel_width_m_4_time","wetted_width_m_5","channel_width_m_5","wetted_width_m_5.channel_width_m_5_time","wetted_width_m_6","channel_width_m_6","wetted_width_m_6.channel_width_m_6_time","wetted_width_m_7","channel_width_m_7","wetted_width_m_7.channel_width_m_7_time","gradient_number_1_percent","gradient_number_1_percent_time","gradient_number_2_percent","gradient_number_2_percent_time","gradient","gradient_time","gradient_number_4_percent","gradient_number_4_percent_time","residual_pool_depth_m","residual_pool_depth_m_time","residual_pool_depth_m_2","residual_pool_depth_m_2_time","residual_pool_depth_m_3","residual_pool_depth_m_3_time","residual_pool_depth_m_4","residual_pool_depth_m_4_time","residual_pool_depth_m_5","residual_pool_depth_m_5_time","residual_pool_depth_m_6","residual_pool_depth_m_6_time","residual_pool_depth_m_7","residual_pool_depth_m_7_time","bankfull_depth_number_1_m","bankfull_depth_number_1_m_time","bankfull_depth_number_2_m","bankfull_depth_number_2_m_time","bankfull_depth_number_3_m","bankfull_depth_number_3_m_time","bankfull_depth_number_4_m","bankfull_depth_number_4_m_time","bed_material_dominant","bed_material_subdominant","habitat_value_rating","reference_number","reach_number","site_number","tributaries","total_cover","small_woody_debris","large_woody_debris","boulders","undercut_banks","deep_pools","overhanging_vegetation","instream_vegetation","crown_closure","functional_lwd","lwd_distribution","instream_vegetation_type","l_bank_shape","l_bank_texture_dominant_1","l_bank_texture_dominant_2","l_bank_riparian_vegetation","l_bank_riparian_vegetation_stage","r_bank_shape","r_bank_texture_dominant_1","r_bank_texture_dominant_2","r_bank_riparian_vegetation","r_bank_riparian_vegetation_stage","d95_cm","d_cm","morphology","channel_pattern","coupling","confinement","feature_type","feature_height_m","feature_length_m","gps_waypoint_number","site_length","feature_time","feature_type_2","feature_height_2_m","feature_length_2_m","feature_time_2","feature_type_3","feature_height_3_m","feature_length_3_m","feature_time_3","photo_gravel","photo_pool","photo_typical_1","photo_typical_2","photo_extra1","photo_extra1_tag","photo_extra2","photo_extra2_tag","photo_extra3","photo_extra3_tag","photo_extra4","photo_extra4_tag","photo_extra5","photo_extra5_tag","photo_card","method_for_temperature","method_for_conductivity","utm_method","method_for_channel_width","method_for_wetted_width","method_for_gradient","method_for_residual_pool_depth","method_for_bankfull_depth","method_for_p_h","feature_height_length_method","avg_channel_width_m","avg_wetted_width_m","average_gradient_percent","average_residual_pool_depth_m","average_bankfull_depth_m","link_method_site_card","source","easting","northing","assessment_comments_og","survey_date","waterbody_type","method_for_utm","watershed_code_50k","watershed_group_code","waterbody_id","geom"
"2025/09/13 15:29:08","125179_us_ef1","Tributary to Missinka River","AI LS","Same site length as last year. See gps track. Electrofished and Edna sampled.","newgraph_airvine","newgraph_airvine","newgraph_airvine",125179,"us","ef1",7.7,8.9,66,"clear","low","No","No",10,NA,NA,2.5,3.1,"2025/09/13 15:33:04",1.8,3.5,"2025/09/13 15:34:58",2.3,3.8,"2025/09/13 15:36:39",NA,NA,NA,NA,NA,NA,NA,NA,NA,NA,NA,NA,NA,NA,NA,NA,NA,NA,NA,NA,NA,NA,NA,NA,NA,NA,NA,NA,NA,NA,NA,NA,NA,NA,NA,NA,NA,NA,NA,NA,NA,NA,"cobbles","gravels","medium",NA,NA,NA,NA,NA,NA,NA,NA,NA,NA,NA,NA,NA,NA,NA,NA,NA,NA,NA,NA,NA,NA,NA,NA,NA,NA,NA,NA,"riffle-pool",NA,NA,NA,NA,NA,NA,NA,45,NA,NA,NA,NA,NA,NA,NA,NA,NA,"ignore_mobile/photos/20250913_153021.jpg",NA,NA,NA,NA,NA,NA,NA,NA,NA,NA,NA,NA,NA,NA,"recording meter","recording meter",NA,"metre tape","metre tape","clinometer","metre stick","metre stick","pH meter (general)",NA,3.5,2.2,NA,NA,NA,"<a href=""https://www2.gov.bc.ca/assets/gov/environment/natural-resource-stewardship/nr-laws-policy/risc/sitecard20.pdf"">Link to Methods for Site Card</a>","~/Projects/gis/sern_peace_fwcp_2023/data_field/2025/form_fiss_site_2025.gpkg",570328,6052847,NA,"2025-09-13","stream","GPS general","236-614900-20900-03300-0000-0000-000-000-000-000-000-000","PARS","00000PARS","c(1263288.47425643, 1076213.39034397)"
"2025/09/13 15:31:24","125179_ds_ef1","Tributary to Missinka River","LS, AI","Fished from approximately 35m downstream of bridge up to the middle of the bridge. Stop net at the bottom. Exact same site as 2024. Bottom of site wp 430.","newgraph_lschick","newgraph_lschick","newgraph_lschick",125179,"ds","ef1",7.7,8.9,66,"clear","moderate","No","No",10,NA,NA,2.3,3.2,NA,2.8,5.3,NA,2.9,3.2,NA,NA,NA,NA,NA,NA,NA,NA,NA,NA,NA,NA,NA,NA,NA,NA,NA,NA,NA,NA,NA,NA,NA,NA,NA,NA,NA,NA,NA,NA,NA,NA,NA,NA,NA,NA,NA,NA,NA,NA,NA,NA,NA,NA,NA,"medium",NA,NA,NA,NA,NA,NA,NA,NA,NA,NA,NA,NA,NA,NA,NA,NA,NA,NA,NA,NA,NA,NA,NA,NA,NA,NA,NA,NA,NA,NA,NA,NA,NA,NA,NA,NA,35,NA,NA,NA,NA,NA,NA,NA,NA,NA,NA,NA,"ignore_mobile/photos/20250913_153308.jpg","ignore_mobile/photos/20250913_153310.jpg","ignore_mobile/photos/20250913_153315.jpg",NA,NA,NA,NA,NA,NA,NA,NA,NA,"ignore_mobile/photos/20250913_153322.jpg","recording meter","recording meter",NA,"metre tape","metre tape","clinometer","metre stick","metre stick","pH meter (general)",NA,3.9,2.7,NA,NA,NA,"<a href=""https://www2.gov.bc.ca/assets/gov/environment/natural-resource-stewardship/nr-laws-policy/risc/sitecard20.pdf"">Link to Methods for Site Card</a>","~/Projects/gis/sern_peace_fwcp_2023/data_field/2025/form_fiss_site_2025.gpkg",570275,6052820,NA,"2025-09-13","stream","GPS general","236-614900-20900-03300-0000-0000-000-000-000-000-000-000","PARS","00000PARS","c(1263236.79510195, 1076184.10183471)"
"2025/09/17 15:39:11","125231_ds_ef1","Tributary to Table River","LS,AI, MCLEOD","Fished the exact same site as 2024. Started roughly 50m downstream of the bridge and worked our way up to the middle of the bridge. Bottom of site marked with flagging. Fish pit tagged over 65mm.","newgraph_lschick","newgraph_lschick","newgraph_lschick",125231,"ds","ef1",9,7.8,72,"clear","low","No","No",10,NA,NA,3.3,5.2,NA,2.2,3.5,NA,3,4.4,NA,NA,NA,NA,NA,NA,NA,NA,NA,NA,NA,NA,NA,NA,NA,NA,NA,NA,NA,NA,NA,NA,NA,NA,NA,NA,NA,NA,NA,NA,NA,NA,NA,NA,NA,NA,NA,NA,NA,NA,NA,NA,NA,NA,NA,"medium",NA,NA,NA,NA,NA,NA,NA,NA,NA,NA,NA,NA,NA,NA,NA,NA,NA,NA,NA,NA,NA,NA,NA,NA,NA,NA,NA,NA,NA,NA,NA,NA,NA,NA,NA,NA,50,NA,NA,NA,NA,NA,NA,NA,NA,NA,"ignore_mobile/photos/20250917_154226.jpg","ignore_mobile/photos/20250917_154233.jpg","ignore_mobile/photos/20250917_154237.jpg","ignore_mobile/photos/20250917_154243.jpg","ignore_mobile/photos/20250917_155558.jpg","Net",NA,NA,NA,NA,NA,NA,NA,NA,"ignore_mobile/photos/20250917_154249.jpg","recording meter","recording meter",NA,"metre tape","metre tape","clinometer","metre stick","metre stick","pH meter (general)",NA,4.4,2.8,NA,NA,NA,"<a href=""https://www2.gov.bc.ca/assets/gov/environment/natural-resource-stewardship/nr-laws-policy/risc/sitecard20.pdf"">Link to Methods for Site Card</a>","~/Projects/gis/sern_peace_fwcp_2023/data_field/2025/form_fiss_site_2025.gpkg",549934,6065104,NA,"2025-09-17","stream","GPS general","236-450800-15400-00000-0000-0000-000-000-000-000-000-000","PARS","00000PARS","c(1242440.69061112, 1087639.06759641)"
"2025/09/17 15:49:53","125231_us_ef1","Tributary to Table River","LS, AI, MCLEOD","Fished from middle of bridge upstream to where channel splits into two. Roughly 50m. Top of site marked with flagging.","newgraph_lschick","newgraph_lschick","newgraph_lschick",125231,"us","ef1",9,7.8,72,"clear","low","No","No",10,NA,NA,1.5,2.5,NA,1.7,3.7,NA,1.5,5.6,NA,NA,NA,NA,NA,NA,NA,NA,NA,NA,NA,NA,NA,NA,NA,NA,NA,NA,NA,NA,NA,NA,NA,NA,NA,NA,NA,NA,NA,NA,NA,NA,NA,NA,NA,NA,NA,NA,NA,NA,NA,NA,NA,NA,NA,"medium",NA,NA,NA,NA,NA,NA,NA,NA,NA,NA,NA,NA,NA,NA,NA,NA,NA,NA,NA,NA,NA,NA,NA,NA,NA,NA,NA,NA,NA,NA,NA,NA,NA,NA,NA,NA,50,NA,NA,NA,NA,NA,NA,NA,NA,NA,"ignore_mobile/photos/20250917_155300.jpg","ignore_mobile/photos/20250917_155302.jpg","ignore_mobile/photos/20250917_155305.jpg","ignore_mobile/photos/20250917_155309.jpg","ignore_mobile/photos/20250917_155537.jpg","Net",NA,NA,NA,NA,NA,NA,NA,NA,"ignore_mobile/photos/20250917_155317.jpg","recording meter","recording meter",NA,"metre tape","metre tape","clinometer","metre stick","metre stick","pH meter (general)",NA,3.9,1.6,NA,NA,NA,"<!DOCTYPE HTML PUBLIC ""-//W3C//DTD HTML 4.0//EN"" ""http://www.w3.org/TR/REC-html40/strict.dtd"">
<html><head><meta name=""qrichtext"" content=""1"" /><meta charset=""utf-8"" /><style type=""text/css"">
p, li { white-space: pre-wrap; }
hr { height: 1px; border-width: 0; }
li.unchecked::marker { content: ""\2610""; }
li.checked::marker { content: ""\2612""; }
</style></head><body style="" font-family:'Inter'; font-size:14px; font-weight:400; font-style:normal;"">
<p style="" margin-top:0px; margin-bottom:0px; margin-left:0px; margin-right:0px; -qt-block-indent:0; text-indent:0px;""><a href=""https://www2.gov.bc.ca/assets/gov/environment/natural-resource-stewardship/nr-laws-policy/risc/sitecard20.pdf""><span style="" text-decoration: underline; color:#0984ff;"">Link to Methods for Site Card</span></a></p></body></html>","~/Projects/gis/sern_peace_fwcp_2023/data_field/2025/form_fiss_site_2025.gpkg",549965,6065133,NA,"2025-09-17","stream","GPS general","236-450800-15400-00000-0000-0000-000-000-000-000-000-000","PARS","00000PARS","c(1242470.35840172, 1087669.43709327)"
"2025/09/19 12:23:50","198692_us_ef1","Tributary to Kerry Lake","AI LS RJ NJ TM","Entire site was mostly dewatered with only 3-4 spots even fishable. One fish captured in deepest “pool” (see pool photo).","newgraph_airvine","newgraph_airvine","newgraph_airvine",198692,"us","ef1",6.1,7.8,188,"clear","low","No","No",10,NA,NA,NA,1.7,"2025/09/19 12:25:58",NA,2.9,"2025/09/19 12:27:30",NA,2.2,"2025/09/19 12:28:56",NA,NA,NA,NA,NA,NA,NA,NA,NA,NA,NA,NA,NA,NA,NA,NA,NA,NA,NA,NA,NA,NA,NA,NA,NA,NA,NA,NA,NA,NA,NA,NA,NA,NA,NA,NA,NA,NA,NA,NA,NA,NA,NA,NA,"low",NA,NA,NA,NA,NA,NA,NA,NA,NA,NA,NA,NA,NA,NA,NA,NA,NA,NA,NA,NA,NA,NA,NA,NA,NA,NA,NA,NA,NA,NA,NA,NA,NA,NA,NA,NA,16,NA,NA,NA,NA,NA,NA,NA,NA,NA,"ignore_mobile/photos/20250919_122936.jpg","ignore_mobile/photos/20250919_122933.jpg","ignore_mobile/photos/20250919_122940.jpg","ignore_mobile/photos/20250919_122943.jpg",NA,NA,NA,NA,NA,NA,NA,NA,NA,NA,NA,"recording meter","recording meter",NA,"metre tape","metre tape","clinometer","metre stick","metre stick","pH meter (general)",NA,2.3,NA,NA,NA,NA,"<!DOCTYPE HTML PUBLIC ""-//W3C//DTD HTML 4.0//EN"" ""http://www.w3.org/TR/REC-html40/strict.dtd"">
<html><head><meta name=""qrichtext"" content=""1"" /><meta charset=""utf-8"" /><style type=""text/css"">
p, li { white-space: pre-wrap; }
hr { height: 1px; border-width: 0; }
li.unchecked::marker { content: ""\2610""; }
li.checked::marker { content: ""\2612""; }
</style></head><body style="" font-family:'Inter'; font-size:14px; font-weight:400; font-style:normal;"">
<p style="" margin-top:0px; margin-bottom:0px; margin-left:0px; margin-right:0px; -qt-block-indent:0; text-indent:0px;""><a href=""https://www2.gov.bc.ca/assets/gov/environment/natural-resource-stewardship/nr-laws-policy/risc/sitecard20.pdf""><span style="" text-decoration: underline; color:#007aff;"">Link to Methods for Site Card</span></a></p></body></html>","~/Projects/gis/sern_peace_fwcp_2023/data_field/2025/form_fiss_site_2025.gpkg",511729,6059293,NA,"2025-09-19","stream","GPS general","230-906800-97600-22400-0000-0000-000-000-000-000-000-000","CRKD","00000CRKD","c(1204606.32785525, 1080203.97064554)"
"2025/09/19 12:37:32","198692_us_ef2","Tributary to Kerry Lake","AI LS RJ NJ TM","Site is intermittently dewatered with significantly less water than in 2024. Still many fish caught - all in deepest pool located on left bank approximately 3m upstream of the flagging. Total area wetted was estimated at 5m squared.","newgraph_airvine","newgraph_airvine","newgraph_airvine",198692,"us","ef2",6.1,7.8,188,"clear","low","No","No",10,NA,NA,NA,3.1,"2025/09/19 12:42:08",NA,4,"2025/09/19 12:41:47",NA,5.3,"2025/09/19 12:43:18",NA,NA,NA,NA,NA,NA,NA,NA,NA,NA,NA,NA,NA,NA,NA,NA,NA,NA,NA,NA,NA,NA,NA,NA,NA,NA,NA,NA,NA,NA,NA,NA,NA,NA,NA,NA,NA,NA,NA,NA,NA,NA,NA,NA,"low",NA,NA,NA,NA,NA,NA,NA,NA,NA,NA,NA,NA,NA,NA,NA,NA,NA,NA,NA,NA,NA,NA,NA,NA,NA,NA,NA,NA,NA,NA,NA,NA,NA,NA,NA,NA,12,NA,NA,NA,NA,NA,NA,NA,NA,NA,"ignore_mobile/photos/20250919_123925.jpg","ignore_mobile/photos/20250919_123902.jpg","ignore_mobile/photos/20250919_124839.jpg",NA,"ignore_mobile/photos/20250919_124844.jpg","Fish process","ignore_mobile/photos/20250919_125500.jpg","Ef seconds",NA,NA,NA,NA,NA,NA,NA,"recording meter","recording meter",NA,"metre tape","metre tape","clinometer","metre stick","metre stick","pH meter (general)",NA,4.1,NA,NA,NA,NA,"<!DOCTYPE HTML PUBLIC ""-//W3C//DTD HTML 4.0//EN"" ""http://www.w3.org/TR/REC-html40/strict.dtd"">
<html><head><meta name=""qrichtext"" content=""1"" /><meta charset=""utf-8"" /><style type=""text/css"">
p, li { white-space: pre-wrap; }
hr { height: 1px; border-width: 0; }
li.unchecked::marker { content: ""\2610""; }
li.checked::marker { content: ""\2612""; }
</style></head><body style="" font-family:'Inter'; font-size:14px; font-weight:400; font-style:normal;"">
<p style="" margin-top:0px; margin-bottom:0px; margin-left:0px; margin-right:0px; -qt-block-indent:0; text-indent:0px;""><a href=""https://www2.gov.bc.ca/assets/gov/environment/natural-resource-stewardship/nr-laws-policy/risc/sitecard20.pdf""><span style="" text-decoration: underline; color:#007aff;"">Link to Methods for Site Card</span></a></p></body></html>","~/Projects/gis/sern_peace_fwcp_2023/data_field/2025/form_fiss_site_2025.gpkg",511716,6059292,NA,"2025-09-19","stream","GPS general","230-906800-97600-22400-0000-0000-000-000-000-000-000-000","CRKD","00000CRKD","c(1204593.41238303, 1080202.4193996)"
"2025/09/19 13:47:13","198692_ds_ef1","Tributary to Kerry Lake","AL LS NJ RJ TM","Time for widths should be discarded since surveyor did not have the gps on.","newgraph_airvine","newgraph_airvine","newgraph_airvine",198692,"ds","ef1",6.1,7.8,188,"clear","low","No","No",10,NA,NA,NA,3.4,NA,NA,4.1,"2025/09/19 14:04:53",NA,21,NA,NA,NA,NA,NA,NA,NA,NA,NA,NA,NA,NA,NA,NA,NA,NA,NA,NA,NA,NA,NA,NA,NA,NA,NA,NA,NA,NA,NA,NA,NA,NA,NA,NA,NA,NA,NA,NA,NA,NA,NA,NA,NA,NA,NA,"medium",NA,NA,NA,NA,NA,NA,NA,NA,NA,NA,NA,NA,NA,NA,NA,NA,NA,NA,NA,NA,NA,NA,NA,NA,NA,NA,NA,NA,NA,NA,NA,NA,NA,NA,NA,NA,34,NA,NA,NA,NA,NA,NA,NA,NA,NA,"ignore_mobile/photos/20250919_143629.jpg","ignore_mobile/photos/20250919_135420.jpg","ignore_mobile/photos/20250919_143634.jpg","ignore_mobile/photos/20250919_143640.jpg","ignore_mobile/photos/20250919_135431.jpg","Stop net",NA,NA,NA,NA,NA,NA,NA,NA,"ignore_mobile/photos/20250919_155500.jpg","recording meter","recording meter",NA,"metre tape","metre tape","clinometer","metre stick","metre stick","pH meter (general)",NA,9.5,NA,NA,NA,NA,"<!DOCTYPE HTML PUBLIC ""-//W3C//DTD HTML 4.0//EN"" ""http://www.w3.org/TR/REC-html40/strict.dtd"">
<html><head><meta name=""qrichtext"" content=""1"" /><meta charset=""utf-8"" /><style type=""text/css"">
p, li { white-space: pre-wrap; }
hr { height: 1px; border-width: 0; }
li.unchecked::marker { content: ""\2610""; }
li.checked::marker { content: ""\2612""; }
</style></head><body style="" font-family:'Inter'; font-size:14px; font-weight:400; font-style:normal;"">
<p style="" margin-top:0px; margin-bottom:0px; margin-left:0px; margin-right:0px; -qt-block-indent:0; text-indent:0px;""><a href=""https://www2.gov.bc.ca/assets/gov/environment/natural-resource-stewardship/nr-laws-policy/risc/sitecard20.pdf""><span style="" text-decoration: underline; color:#007aff;"">Link to Methods for Site Card</span></a></p></body></html>","~/Projects/gis/sern_peace_fwcp_2023/data_field/2025/form_fiss_site_2025.gpkg",511770,6059322,NA,"2025-09-19","stream","GPS general","230-906800-97600-22400-0000-0000-000-000-000-000-000-000","CRKD","00000CRKD","c(1204645.96302639, 1080234.76717132)"
"2025/09/19 15:55:15","198692_ds_ef2","Tributary to Kerry Lake","AI LS TM NJ RJ","Fished the outlet pool. This is the same site as 2024. Electrofishing was conducted and fish 60mm or more were PIT tagged. Slightly less water than last year.","newgraph_airvine","newgraph_airvine","newgraph_airvine",198692,"ds","ef2",6.1,7.8,188,"clear","low","No","No",10,NA,NA,NA,6,"2025/09/19 15:56:18",NA,5,NA,NA,5,NA,NA,NA,NA,NA,NA,NA,NA,NA,NA,NA,NA,NA,NA,NA,NA,NA,NA,NA,NA,NA,NA,NA,NA,NA,NA,NA,NA,NA,NA,NA,NA,NA,NA,NA,NA,NA,NA,NA,NA,NA,NA,NA,NA,NA,"medium",NA,NA,NA,NA,NA,NA,NA,NA,NA,NA,NA,NA,NA,NA,NA,NA,NA,NA,NA,NA,NA,NA,NA,NA,NA,NA,NA,NA,NA,NA,NA,NA,NA,NA,NA,NA,4,NA,NA,NA,NA,NA,NA,NA,NA,NA,"ignore_mobile/photos/20250919_155712.jpg","ignore_mobile/photos/20250919_155717.jpg","ignore_mobile/photos/20250919_155731.jpg","ignore_mobile/photos/20250919_155801.jpg",NA,NA,NA,NA,NA,NA,NA,NA,NA,NA,"ignore_mobile/photos/20250919_155836.jpg","recording meter","recording meter",NA,"metre tape","metre tape","clinometer","metre stick","metre stick","pH meter (general)",NA,5.3,NA,NA,NA,NA,"<a href=""https://www2.gov.bc.ca/assets/gov/environment/natural-resource-stewardship/nr-laws-policy/risc/sitecard20.pdf"">Link to Methods for Site Card</a>","~/Projects/gis/sern_peace_fwcp_2023/data_field/2025/form_fiss_site_2025.gpkg",511752,6059305,NA,"2025-09-19","stream","GPS general","230-906800-97600-22400-0000-0000-000-000-000-000-000-000","CRKD","00000CRKD","c(1204628.74358548, 1080216.96887776)"
"2025/09/21 17:40:34","199663_ds","Tributary to Parsnip River","AI","Wetland located ~80m downstream. Good flow.  Abundant gravels for 30-40m downstream of culvert.  eDNA sample collected.","newgraph_airvine","newgraph_airvine","newgraph_airvine",199663,"ds",NA,7,8.2,310,"clear","low","No","No",10,NA,NA,3.3,3.8,NA,2.6,2.8,"2025/09/21 17:46:09",2.5,1.3,NA,NA,NA,NA,NA,NA,NA,NA,NA,NA,NA,NA,NA,NA,NA,NA,NA,NA,NA,NA,NA,NA,NA,NA,NA,NA,NA,NA,NA,NA,NA,NA,NA,NA,NA,NA,NA,NA,NA,NA,NA,NA,NA,"cobbles","gravels",NA,NA,NA,NA,FALSE,"abundant","sub-dominant","sub-dominant","none","sub-dominant","dominant","sub-dominant","trace","21-40%","few",NA,"mosses","undercut","gravels",NA,"wetland",NA,"sloping","fines",NA,"shrub",NA,NA,NA,"riffle-pool","sinuous",NA,NA,NA,NA,NA,NA,80,NA,NA,NA,NA,NA,NA,NA,NA,NA,"ignore_mobile/photos/20250921_174615.jpg",NA,"ignore_mobile/photos/20250921_174940.jpg","ignore_mobile/photos/20250921_174958.jpg",NA,NA,NA,NA,NA,NA,NA,NA,NA,NA,NA,"recording meter","recording meter",NA,"metre tape","metre tape","clinometer","metre stick","metre stick","pH meter (general)",NA,2.6,2.8,NA,NA,NA,"<a href=""https://www2.gov.bc.ca/assets/gov/environment/natural-resource-stewardship/nr-laws-policy/risc/sitecard20.pdf"">Link to Methods for Site Card</a>","~/Projects/gis/sern_peace_fwcp_2023/data_field/2025/form_fiss_site_2025.gpkg",515479,6094974,NA,"2025-09-21","stream","GPS general",NA,NA,"00000NA","c(1206828.41107395, 1116122.77289025)"
"2025/09/21 18:01:53","199663_us","Tributary to Parsnip River","AI","Low gradient stream with significant riparian tree blow down throughout. Very difficult walking so most was done outside of the active channel with spot visits to the stream for measurements/photos completed intermittently for the 600m that was assessed. Wide floodplain within well defined canyon (approximately 15m deep with slopes of ~45°). Healthy riparian, consisting of herb and shrub cover within sparse spruce forest that appears to have been impacted by some sort of beetle or other affliction. Most of the spruce trees were dead with many already fallen down.","newgraph_airvine","newgraph_airvine","newgraph_airvine",199663,"us",NA,7,8.2,310,"clear","low","No","No",10,NA,NA,2,4.2,"2025/09/21 18:05:36",2,2,"2025/09/21 18:11:43",2.3,3.1,"2025/09/21 18:18:09",2.2,2.3,"2025/09/21 18:25:36",2.2,3,"2025/09/21 18:37:04",1.6,3.3,"2025/09/21 18:54:23",NA,NA,NA,3,"2025/09/21 18:19:14",2.5,"2025/09/21 18:26:19",3,"2025/09/21 18:39:26",NA,NA,0.2,"2025/09/21 18:37:12",NA,NA,NA,NA,NA,NA,NA,NA,NA,NA,NA,NA,0.35,"2025/09/21 18:40:02",NA,NA,NA,NA,NA,NA,"fines","gravels","medium",NA,NA,NA,NA,"abundant","sub-dominant","sub-dominant","none","sub-dominant","trace","dominant","trace","71-90%","few","evenly distributed","mosses","sloping","fines","cobbles","shrubs","shrub","undercut","fines",NA,"coniferous forest","mature forest",NA,NA,"riffle-pool","sinuous","Decoupled","occasionally confined",NA,NA,NA,NA,600,NA,NA,NA,NA,NA,NA,NA,NA,NA,"ignore_mobile/photos/20250921_181720.jpg","ignore_mobile/photos/20250921_181723.jpg","ignore_mobile/photos/20250921_182500.jpg",NA,"ignore_mobile/photos/20250921_190201.jpg","Comments",NA,NA,NA,NA,NA,NA,NA,NA,"ignore_mobile/photos/20250921_190154.jpg","recording meter","recording meter",NA,"metre tape","metre tape","clinometer","metre stick","metre stick","pH meter (general)",NA,3,2.1,2.8,0.2,0.4,"<!DOCTYPE HTML PUBLIC ""-//W3C//DTD HTML 4.0//EN"" ""http://www.w3.org/TR/REC-html40/strict.dtd"">
<html><head><meta name=""qrichtext"" content=""1"" /><meta charset=""utf-8"" /><style type=""text/css"">
p, li { white-space: pre-wrap; }
hr { height: 1px; border-width: 0; }
li.unchecked::marker { content: ""\2610""; }
li.checked::marker { content: ""\2612""; }
</style></head><body style="" font-family:'Inter'; font-size:14px; font-weight:400; font-style:normal;"">
<p style="" margin-top:0px; margin-bottom:0px; margin-left:0px; margin-right:0px; -qt-block-indent:0; text-indent:0px;""><a href=""https://www2.gov.bc.ca/assets/gov/environment/natural-resource-stewardship/nr-laws-policy/risc/sitecard20.pdf""><span style="" text-decoration: underline; color:#007aff;"">Link to Methods for Site Card</span></a></p></body></html>","~/Projects/gis/sern_peace_fwcp_2023/data_field/2025/form_fiss_site_2025.gpkg",515398,6095013,NA,"2025-09-21","stream","GPS general",NA,NA,"00000NA","c(1206746.01356158, 1116158.44011056)"
"2025/09/22 13:36:25","203597_ds","Tributary to Nation River","AI","Very nice stream with good flow. Significant precipitation last night so could be running higher than typical for this time of year. Abundant gravels throughout and abundant cover in numerous forms present. No barriers observed. EDNA sample taken at bottom end of site.","newgraph_airvine","newgraph_airvine","newgraph_airvine",203597,"ds",NA,6.5,7.5,188,"clear","moderate","No","No",10,NA,NA,2.6,2.7,"2025/09/22 13:37:13",2.9,2.9,"2025/09/22 13:49:05",2.6,2.9,"2025/09/22 13:55:36",2.4,2.6,"2025/09/22 13:59:02",NA,NA,NA,NA,NA,NA,NA,NA,NA,3,"2025/09/22 13:39:38",2.5,"2025/09/22 13:58:18",3.5,"2025/09/22 14:06:17",NA,NA,0.3,"2025/09/22 13:39:45",0.3,"2025/09/22 13:54:42",0.25,"2025/09/22 14:06:25",NA,NA,NA,NA,NA,NA,NA,NA,0.4,"2025/09/22 13:49:18",0.3,"2025/09/22 14:06:39",NA,NA,NA,NA,"cobbles","gravels","high",NA,NA,NA,NA,"abundant","sub-dominant","sub-dominant","sub-dominant","dominant","sub-dominant","sub-dominant","trace","71-90%","abundant","evenly distributed","mosses","sloping","fines",NA,"shrubs","shrub","undercut","fines",NA,"coniferous forest","young forest",NA,NA,"riffle-pool","sinuous","Decoupled","occasionally confined",NA,NA,NA,NA,400,NA,NA,NA,NA,NA,NA,NA,NA,NA,"ignore_mobile/photos/20250922_135428.jpg","ignore_mobile/photos/20250922_135426.jpg","ignore_mobile/photos/20250922_135934.jpg","ignore_mobile/photos/20250922_140936.jpg","ignore_mobile/photos/20250922_141217.jpg","Card back",NA,NA,NA,NA,NA,NA,NA,NA,"ignore_mobile/photos/20250922_141210.jpg","recording meter","recording meter",NA,"metre tape","metre tape","clinometer","metre stick","metre stick","pH meter (general)",NA,2.8,2.6,3,0.3,0.4,"<a href=""https://www2.gov.bc.ca/assets/gov/environment/natural-resource-stewardship/nr-laws-policy/risc/sitecard20.pdf"">Link to Methods for Site Card</a>","~/Projects/gis/sern_peace_fwcp_2023/data_field/2025/form_fiss_site_2025.gpkg",426038,6122343,NA,"2025-09-22","stream","GPS general",NA,NA,"00000NA","c(1116508.74606654, 1139759.03723775)"
"2025/09/22 15:51:01","203597_us","Tributary to Nation River","AI","Surveyed 350m upstream to the beginning of the wetlands. Very nice stream with good flow, although recent rainfall may have had an influence. Pockets of gravels throughout the area surveyed. Although the area viewed was limited, the wetlands appeared shallow so freezing to the bottom may occur during the winter.","newgraph_airvine","newgraph_airvine","newgraph_airvine",203597,"us",NA,6.5,7.5,188,"clear","moderate","No","No",10,NA,NA,2.5,2.5,"2025/09/22 15:51:51",1.9,2.2,NA,2.6,2.7,NA,2.5,2.6,NA,NA,NA,NA,NA,NA,NA,NA,NA,NA,3.5,NA,2.5,NA,3,NA,NA,NA,0.2,NA,0.3,NA,NA,NA,NA,NA,NA,NA,NA,NA,NA,NA,0.3,NA,0.3,NA,NA,NA,NA,NA,"fines","cobbles",NA,NA,NA,NA,NA,"moderate","dominant","sub-dominant","trace","sub-dominant","trace","sub-dominant","trace","41-70%","few","evenly distributed","mosses","sloping","fines",NA,"shrubs","shrub","undercut","fines",NA,"coniferous forest","young forest",NA,NA,"riffle-pool","sinuous","Decoupled","occasionally confined",NA,NA,NA,NA,350,NA,NA,NA,NA,NA,NA,NA,NA,NA,"ignore_mobile/photos/20250922_161732.jpg","ignore_mobile/photos/20250922_161737.jpg","ignore_mobile/photos/20250922_161740.jpg","ignore_mobile/photos/20250922_161743.jpg","ignore_mobile/photos/20250922_161846.jpg","Card back",NA,NA,NA,NA,NA,NA,NA,NA,"ignore_mobile/photos/20250922_161840.jpg","recording meter","recording meter",NA,"metre tape","metre tape","clinometer","metre stick","metre stick","pH meter (general)",NA,2.5,2.4,3,0.3,0.3,"<!DOCTYPE HTML PUBLIC ""-//W3C//DTD HTML 4.0//EN"" ""http://www.w3.org/TR/REC-html40/strict.dtd"">
<html><head><meta name=""qrichtext"" content=""1"" /><meta charset=""utf-8"" /><style type=""text/css"">
p, li { white-space: pre-wrap; }
hr { height: 1px; border-width: 0; }
li.unchecked::marker { content: ""\2610""; }
li.checked::marker { content: ""\2612""; }
</style></head><body style="" font-family:'Inter'; font-size:14px; font-weight:400; font-style:normal;"">
<p style="" margin-top:0px; margin-bottom:0px; margin-left:0px; margin-right:0px; -qt-block-indent:0; text-indent:0px;""><a href=""https://www2.gov.bc.ca/assets/gov/environment/natural-resource-stewardship/nr-laws-policy/risc/sitecard20.pdf""><span style="" text-decoration: underline; color:#007aff;"">Link to Methods for Site Card</span></a></p></body></html>","~/Projects/gis/sern_peace_fwcp_2023/data_field/2025/form_fiss_site_2025.gpkg",425948,6122725,NA,"2025-09-22","stream","GPS general",NA,NA,"00000NA","c(1116402.74313056, 1140137.99865287)"
"2025/09/23 15:09:05","203605_us","Tributary to Williston Reservoir","AI","Large stream with complex habitat and diverse cover including deep pools, boulders, large and small woody debris, and undercut banks. A canyon section approximately 100m long was located 100m upstream of the Modeste FSR bridge, containing multiple cascade steps up to 1m high with deep downstream pools. At the upper end of the site, the channel deflected against steep gully walls. Abundant gravel was present, suitable for adfluvial and resident rainbow trout as well as bull trout. eDNA sample collected.","newgraph_airvine","newgraph_airvine","newgraph_airvine",203605,"us",NA,6.8,7.6,251,"clear","moderate","No","No",10,NA,NA,NA,4.9,NA,NA,6.5,NA,6.7,7.6,"2025/09/23 15:18:28",3.7,5.1,"2025/09/23 15:26:21",4.3,8.3,"2025/09/23 15:39:30",3.7,7.9,"2025/09/23 15:43:18",NA,NA,NA,2,NA,6,"2025/09/23 15:23:00",2,"2025/09/23 15:30:23",1.5,"2025/09/23 15:38:09",1,NA,0.5,"2025/09/23 15:21:20",9.55,"2025/09/23 15:34:08",NA,NA,NA,NA,NA,NA,NA,NA,0.55,"2025/09/23 15:40:25",NA,NA,NA,NA,NA,NA,"gravels","cobbles","high",NA,NA,NA,NA,"moderate","sub-dominant","sub-dominant","sub-dominant","dominant","sub-dominant","sub-dominant","trace","1-20%","few","clumped","mosses","sloping","gravels",NA,"shrubs","shrub","undercut","fines",NA,"mixed forest","mature forest",NA,NA,"riffle-pool","sinuous","Partially Coupled","occasionally confined",NA,NA,NA,NA,650,NA,NA,NA,NA,NA,NA,NA,NA,NA,"ignore_mobile/photos/20250923_153158.jpg","ignore_mobile/photos/20250923_151612.jpg","ignore_mobile/photos/20250923_154704.jpg","ignore_mobile/photos/20250923_154708.jpg","ignore_mobile/photos/20250923_152324.jpg","Canyon","ignore_mobile/photos/20250923_155010.jpg","Card back",NA,NA,NA,NA,NA,NA,"ignore_mobile/photos/20250923_154848.jpg","recording meter","recording meter",NA,"metre tape","metre tape","clinometer","metre stick","metre stick","pH meter (general)",NA,6.7,4.6,2.9,3.7,0.6,"<a href=""https://www2.gov.bc.ca/assets/gov/environment/natural-resource-stewardship/nr-laws-policy/risc/sitecard20.pdf"">Link to Methods for Site Card</a>","~/Projects/gis/sern_peace_fwcp_2023/data_field/2025/form_fiss_site_2025.gpkg",486497,6124971,NA,"2025-09-23","stream","GPS general",NA,NA,"00000NA","c(1176663.58831145, 1144960.23981838)"
"2025/09/23 16:06:20","203605_ds","Tributary to Williston Reservoir","AI","Surveyed from the Finley FSR downstream to the mapped reservoir location, where the channel retained stream characteristics at the time of assessment. Abundant gravel and cover were present throughout, with numerous run sections providing suitable rearing habitat for juvenile westslope cutthroat trout and rainbow trout. No barriers were observed.  eDNA sample collected.","newgraph_airvine","newgraph_airvine","newgraph_airvine",203605,"ds",NA,6.8,7.6,251,"clear","moderate","No","No",10,NA,NA,4.5,8,"2025/09/23 16:10:43",4.8,6.4,"2025/09/23 16:13:22",6.7,9.1,"2025/09/23 16:19:21",6.5,10.3,"2025/09/23 16:24:07",NA,NA,NA,NA,NA,NA,NA,NA,NA,2,"2025/09/23 16:12:26",1.5,"2025/09/23 16:21:22",2,"2025/09/23 16:29:59",NA,NA,0.2,"2025/09/23 16:30:07",NA,NA,NA,NA,NA,NA,NA,NA,NA,NA,NA,NA,0.55,"2025/09/23 16:14:08",NA,NA,NA,NA,NA,NA,"gravels","fines","high",NA,NA,NA,NA,"moderate","trace","sub-dominant","trace","trace","trace","sub-dominant","trace","1-20%","few","clumped","algae","overhanging bank","gravels",NA,"mixed forest","mature forest","sloping","fines",NA,"mixed forest","mature forest",NA,NA,"riffle-pool","sinuous","Partially Coupled","occasionally confined",NA,NA,NA,NA,250,NA,NA,NA,NA,NA,NA,NA,NA,NA,"ignore_mobile/photos/20250923_162625.jpg",NA,"ignore_mobile/photos/20250923_162634.jpg","ignore_mobile/photos/20250923_162637.jpg","ignore_mobile/photos/20250923_162641.jpg","Mapped reservoir",NA,NA,NA,NA,NA,NA,NA,NA,NA,"recording meter","recording meter",NA,"metre tape","metre tape","clinometer","metre stick","metre stick","pH meter (general)",NA,8.5,5.6,1.8,0.2,0.6,"<!DOCTYPE HTML PUBLIC ""-//W3C//DTD HTML 4.0//EN"" ""http://www.w3.org/TR/REC-html40/strict.dtd"">
<html><head><meta name=""qrichtext"" content=""1"" /><meta charset=""utf-8"" /><style type=""text/css"">
p, li { white-space: pre-wrap; }
hr { height: 1px; border-width: 0; }
li.unchecked::marker { content: ""\2610""; }
li.checked::marker { content: ""\2612""; }
</style></head><body style="" font-family:'Inter'; font-size:14px; font-weight:400; font-style:normal;"">
<p style="" margin-top:0px; margin-bottom:0px; margin-left:0px; margin-right:0px; -qt-block-indent:0; text-indent:0px;""><a href=""https://www2.gov.bc.ca/assets/gov/environment/natural-resource-stewardship/nr-laws-policy/risc/sitecard20.pdf""><span style="" text-decoration: underline; color:#007aff;"">Link to Methods for Site Card</span></a></p></body></html>","~/Projects/gis/sern_peace_fwcp_2023/data_field/2025/form_fiss_site_2025.gpkg",486704,6125076,NA,"2025-09-23","stream","GPS general",NA,NA,"00000NA","c(1176865.47207622, 1145074.22808374)"
"2025/09/24 13:58:09","203581_us","Tributary to Fraser River","AI","Landslide ~300m upstream of railway tracks - Wp208. Low gradient stream with abundant gravels and numerous fish to 60mm observed. Entrenched steep wall valley with several sections where clay banks have collapsed into the stream. Surveyed upstream from railway culvert for 650m.  eDNA samples collected upstream of the crossing.","newgraph_airvine","newgraph_airvine","newgraph_airvine",203581,"us",NA,8,7.6,489,"Lightly Turbid","low","No","No",10,NA,NA,1.6,4.1,"2025/09/24 13:59:06",2.3,4.6,"2025/09/24 14:05:46",1.8,4.2,"2025/09/24 14:16:05",2.1,6,"2025/09/24 14:33:41",1.8,3.9,"2025/09/24 14:40:24",1.5,4.3,"2025/09/24 14:54:40",NA,NA,NA,2,"2025/09/24 14:02:33",3.5,"2025/09/24 14:09:17",2,"2025/09/24 14:21:41",NA,NA,0.35,"2025/09/24 14:10:40",0.3,"2025/09/24 14:16:17",0.35,"2025/09/24 14:19:53",0.3,"2025/09/24 14:33:53",NA,NA,NA,NA,NA,NA,0.3,NA,NA,NA,NA,NA,NA,NA,"gravels","fines","medium",NA,NA,NA,NA,"moderate","dominant","sub-dominant","sub-dominant","sub-dominant","sub-dominant","sub-dominant","none","21-40%","few","clumped","none","undercut","fines",NA,"mixed forest","mature forest","sloping","gravels",NA,"mixed forest","mature forest",NA,NA,"step-pool","sinuous","Partially Coupled","entrenched","landslide or bank sloughing",5,50,NA,650,"2025/09/24 14:26:12",NA,NA,NA,NA,NA,NA,NA,NA,"ignore_mobile/photos/20250924_143520.jpg","ignore_mobile/photos/20250924_141109.jpg","ignore_mobile/photos/20250924_143433.jpg","ignore_mobile/photos/20250924_145510.jpg","ignore_mobile/photos/20250924_142730.jpg","Landslide",NA,NA,NA,NA,NA,NA,NA,NA,NA,"recording meter","recording meter",NA,"metre tape","metre tape","clinometer","metre stick","metre stick","pH meter (general)",NA,4.5,1.9,2.5,0.3,0.3,"<!DOCTYPE HTML PUBLIC ""-//W3C//DTD HTML 4.0//EN"" ""http://www.w3.org/TR/REC-html40/strict.dtd"">
<html><head><meta name=""qrichtext"" content=""1"" /><meta charset=""utf-8"" /><style type=""text/css"">
p, li { white-space: pre-wrap; }
hr { height: 1px; border-width: 0; }
li.unchecked::marker { content: ""\2610""; }
li.checked::marker { content: ""\2612""; }
</style></head><body style="" font-family:'Inter'; font-size:14px; font-weight:400; font-style:normal;"">
<p style="" margin-top:0px; margin-bottom:0px; margin-left:0px; margin-right:0px; -qt-block-indent:0; text-indent:0px;""><a href=""https://www2.gov.bc.ca/assets/gov/environment/natural-resource-stewardship/nr-laws-policy/risc/sitecard20.pdf""><span style="" text-decoration: underline; color:#007aff;"">Link to Methods for Site Card</span></a></p></body></html>","~/Projects/gis/sern_fraser_2024/data_field/2025/form_fiss_site_2025.gpkg",526464,5985795,"Landslide at 300m upstream of tracks - Wp208

Low gradient stream with abundant gravels and numerous fish to 60 mm observed. Entrenched steep wall Valley with several sections where clay banks have collapsed into the stream. Surveyed to railway Calvert.          
","2025-09-24","stream","GPS general",NA,NA,"00000NA","c(1222417.79050412, 1007163.66153666)"
"2025/09/24 15:27:57","203581_ds","Tributary to Fraser River","AI","Surveyed downstream of railway culvert for ~80m to confluence with the Fraser River. eDNA samples collected upstream of the crossing.","newgraph_airvine","newgraph_airvine","newgraph_airvine",203581,"ds",NA,8,7.6,489,"Lightly Turbid","moderate","No","No",10,NA,NA,0.9,8,NA,1.6,10,NA,0.5,7,NA,0.9,8,NA,NA,NA,NA,NA,NA,NA,NA,NA,NA,2,NA,3,NA,NA,NA,NA,NA,NA,NA,NA,NA,NA,NA,NA,NA,NA,NA,NA,NA,NA,NA,NA,NA,NA,NA,NA,NA,NA,NA,NA,NA,NA,NA,NA,NA,NA,NA,NA,NA,NA,NA,NA,NA,NA,NA,NA,NA,NA,NA,NA,NA,NA,NA,NA,NA,NA,NA,NA,NA,NA,NA,NA,NA,NA,NA,NA,NA,NA,80,NA,NA,NA,NA,NA,NA,NA,NA,NA,NA,NA,"ignore_mobile/photos/20250924_153001.jpg","ignore_mobile/photos/20250924_153003.jpg","ignore_mobile/photos/20250924_153009.jpg","Fraser",NA,NA,NA,NA,NA,NA,NA,NA,"ignore_mobile/photos/20250924_153029.jpg","recording meter","recording meter",NA,"metre tape","metre tape","clinometer","metre stick","metre stick","pH meter (general)",NA,8.3,1,2.5,NA,NA,"<!DOCTYPE HTML PUBLIC ""-//W3C//DTD HTML 4.0//EN"" ""http://www.w3.org/TR/REC-html40/strict.dtd"">
<html><head><meta name=""qrichtext"" content=""1"" /><meta charset=""utf-8"" /><style type=""text/css"">
p, li { white-space: pre-wrap; }
hr { height: 1px; border-width: 0; }
li.unchecked::marker { content: ""\2610""; }
li.checked::marker { content: ""\2612""; }
</style></head><body style="" font-family:'Inter'; font-size:14px; font-weight:400; font-style:normal;"">
<p style="" margin-top:0px; margin-bottom:0px; margin-left:0px; margin-right:0px; -qt-block-indent:0; text-indent:0px;""><a href=""https://www2.gov.bc.ca/assets/gov/environment/natural-resource-stewardship/nr-laws-policy/risc/sitecard20.pdf""><span style="" text-decoration: underline; color:#007aff;"">Link to Methods for Site Card</span></a></p></body></html>","~/Projects/gis/sern_fraser_2024/data_field/2025/form_fiss_site_2025.gpkg",526416,5985823,NA,"2025-09-24","stream","GPS general",NA,NA,"00000NA","c(1222368.75410477, 1007189.69608409)"
"2025/09/24 17:12:36","196076_ds","Tributary to Fraser River","AI","Beaver dams ranging from 0.6–1m in height, began approximately 150m downstream of the culvert within an incised gully. Upstream of the dams, abundant gravels, shallow pools, and small woody debris created habitat suitable for parr and juvenile rearing. eDNA samples collected upstream and downstream of the crossing.","newgraph_airvine","newgraph_airvine","newgraph_airvine",196076,"ds",NA,8,7.6,489,"Lightly Turbid","low","No","No",10,NA,NA,7,9,NA,9,9,"2025/09/24 17:21:18",13,14,"2025/09/24 17:24:58",1.8,4.1,"2025/09/24 17:50:29",1.6,2.6,"2025/09/24 17:55:01",1.9,3.4,"2025/09/24 17:59:10",NA,NA,NA,3,"2025/09/24 17:53:12",NA,NA,NA,NA,NA,NA,0.3,"2025/09/24 17:52:13",0.4,"2025/09/24 17:56:28",NA,NA,NA,NA,NA,NA,NA,NA,NA,NA,0.35,"2025/09/24 17:56:08",0.4,"2025/09/24 18:03:48",NA,NA,NA,NA,NA,NA,"medium",NA,NA,NA,NA,"moderate","sub-dominant","trace","trace","sub-dominant","dominant","sub-dominant","none","21-40%","few","clumped","none","sloping","cobbles",NA,"mixed forest","mature forest","undercut","fines",NA,"mixed forest","mature forest",NA,NA,NA,NA,NA,NA,NA,NA,NA,NA,250,NA,NA,NA,NA,NA,NA,NA,NA,NA,"ignore_mobile/photos/20250924_180321.jpg","ignore_mobile/photos/20250924_180328.jpg","ignore_mobile/photos/20250924_172131.jpg","ignore_mobile/photos/20250924_180302.jpg","ignore_mobile/photos/20250924_180305.jpg","First Beaver dam",NA,NA,NA,NA,NA,NA,NA,NA,NA,"recording meter","recording meter",NA,"metre tape","metre tape","clinometer","metre stick","metre stick","pH meter (general)",NA,7,5.7,3,0.4,0.4,"<a href=""https://www2.gov.bc.ca/assets/gov/environment/natural-resource-stewardship/nr-laws-policy/risc/sitecard20.pdf"">Link to Methods for Site Card</a>","~/Projects/gis/sern_fraser_2024/data_field/2025/form_fiss_site_2025.gpkg",527310,5985243,"Beaverdam’s begin approximately 150 m downstream of the culvert within in sized gully. Damn range in size from .62 near 1 m in height. Upstream of the dance are abundant, gravel, and areas of shallow pool and small wood debris suitable for. Par and juvenile rearing","2025-09-24","stream","GPS general","100-587900-00000-00000-0000-0000-000-000-000-000-000-000","TABR","00000TABR","c(1223284.54543347, 1006646.17341669)"
"2025/09/25 10:09:32","196076_us","Tributary to Fraser River","AI","Moderate-sized, low-gradient stream with abundant gravels and habitat suitable for fry and juvenile salmonid rearing, including shallow pools, small and large woody debris, and undercut banks. No fish or barriers were observed at the time of assessment. eDNA samples collected upstream and downstream of the crossing.","newgraph_airvine","newgraph_airvine","newgraph_airvine",196076,"us",NA,8,7.6,489,"Lightly Turbid","moderate","No","No",10,NA,NA,1.8,3.2,"2025/09/25 10:12:51",2.1,3.7,"2025/09/25 10:16:36",2.2,3.8,"2025/09/25 10:21:43",2.1,3.3,"2025/09/25 10:27:23",1.7,3.8,"2025/09/25 10:33:58",2.6,2.9,"2025/09/25 10:41:23",NA,NA,NA,3,"2025/09/25 10:16:41",2.5,"2025/09/25 10:32:41",NA,NA,NA,NA,0.28,NA,0.25,"2025/09/25 10:27:37",0.5,"2025/09/25 10:46:28",0.4,"2025/09/25 10:48:59",NA,NA,NA,NA,NA,NA,0.4,"2025/09/25 10:27:45",0.45,"2025/09/25 10:34:54",0.45,"2025/09/25 10:41:34",NA,NA,NA,NA,"medium",NA,NA,NA,NA,"moderate","sub-dominant","none","trace","dominant","sub-dominant","sub-dominant","none","21-40%","few","evenly distributed","none","sloping","gravels",NA,"shrubs","shrub","undercut","fines",NA,"mixed forest","mature forest",NA,NA,NA,NA,NA,NA,NA,NA,NA,NA,700,NA,NA,NA,NA,NA,NA,NA,NA,NA,"ignore_mobile/photos/20250925_102224.jpg","ignore_mobile/photos/20250925_104610.jpg","ignore_mobile/photos/20250925_111028.jpg","ignore_mobile/photos/20250925_111036.jpg","ignore_mobile/photos/20250925_111046.jpg","Card back",NA,NA,NA,NA,NA,NA,NA,NA,"ignore_mobile/photos/20250925_111056.jpg","recording meter","recording meter",NA,"metre tape","metre tape","clinometer","metre stick","metre stick","pH meter (general)",NA,3.5,2.1,2.8,0.4,0.4,"<!DOCTYPE HTML PUBLIC ""-//W3C//DTD HTML 4.0//EN"" ""http://www.w3.org/TR/REC-html40/strict.dtd"">
<html><head><meta name=""qrichtext"" content=""1"" /><meta charset=""utf-8"" /><style type=""text/css"">
p, li { white-space: pre-wrap; }
hr { height: 1px; border-width: 0; }
li.unchecked::marker { content: ""\2610""; }
li.checked::marker { content: ""\2612""; }
</style></head><body style="" font-family:'Inter'; font-size:14px; font-weight:400; font-style:normal;"">
<p style="" margin-top:0px; margin-bottom:0px; margin-left:0px; margin-right:0px; -qt-block-indent:0; text-indent:0px;""><a href=""https://www2.gov.bc.ca/assets/gov/environment/natural-resource-stewardship/nr-laws-policy/risc/sitecard20.pdf""><span style="" text-decoration: underline; color:#007aff;"">Link to Methods for Site Card</span></a></p></body></html>","~/Projects/gis/sern_fraser_2024/data_field/2025/form_fiss_site_2025.gpkg",527390,5984978,"Moderate size stream with abundant gravel and habitat, suitable for fry and juvenile someone rearing with shallow pools, small wood debris, large wood debris, and undercut thanks. Low gradient with no fish and no barriers observed.","2025-09-25","stream","GPS general","100-587900-00000-00000-0000-0000-000-000-000-000-000-000","TABR","00000TABR","c(1223375.55864801, 1006383.96680554)"
"2025/09/25 13:11:14","196085_ds","Tabor Creek","AI","The stream was flowing, but discharge appeared minimal relative to channel-forming flows. Extensive algae growth near the highway suggested potential nutrient inputs, possibly from the upstream mill site; algae presence decreased farther downstream. Large areas of gravels were present and suitable for chinook and sockeye spawning, contingent on adequate flows during spawning periods. eDNA sample collected at the downstream end of the survey. Chinook documented downstream of Willow FSR crossing in 2004.","newgraph_airvine","newgraph_airvine","newgraph_airvine",196085,"ds",NA,9,7.6,497,"clear","low","No","Yes",10,NA,NA,1.9,12,"2025/09/25 13:25:01",3.4,8.1,"2025/09/25 13:27:36",2.2,9.8,"2025/09/25 13:32:04",5.9,9.5,"2025/09/25 13:36:05",NA,NA,NA,NA,NA,NA,NA,NA,NA,1.5,"2025/09/25 13:28:33",2.5,"2025/09/25 13:34:27",2,"2025/09/25 13:41:21",NA,NA,0.3,"2025/09/25 13:32:28",0.2,NA,0.2,NA,NA,NA,NA,NA,NA,NA,NA,NA,0.6,"2025/09/25 14:10:50",0.6,"2025/09/25 14:19:10",NA,NA,NA,NA,"boulders","cobbles","medium",NA,NA,NA,NA,"trace","trace","trace","dominant","sub-dominant","trace","trace","sub-dominant","1-20%","few","clumped","algae","sloping","cobbles",NA,"mixed forest","mature forest","sloping","cobbles",NA,"mixed forest","mature forest",NA,NA,"riffle-pool","irregular wandering","Partially Coupled","occasionally confined",NA,NA,NA,NA,350,NA,NA,NA,NA,NA,NA,NA,NA,NA,"ignore_mobile/photos/20250925_132612.jpg",NA,"ignore_mobile/photos/20250925_142151.jpg","ignore_mobile/photos/20250925_142155.jpg","ignore_mobile/photos/20250925_142201.jpg","Eroded bank","ignore_mobile/photos/20250925_142633.jpg","Algae near road","ignore_mobile/photos/20250925_142644.jpg","Card back",NA,NA,NA,NA,"ignore_mobile/photos/20250925_142626.jpg","recording meter","recording meter",NA,"metre tape","metre tape","clinometer","metre stick","metre stick","pH meter (general)",NA,9.9,3.4,2,0.2,0.6,"<!DOCTYPE HTML PUBLIC ""-//W3C//DTD HTML 4.0//EN"" ""http://www.w3.org/TR/REC-html40/strict.dtd"">
<html><head><meta name=""qrichtext"" content=""1"" /><meta charset=""utf-8"" /><style type=""text/css"">
p, li { white-space: pre-wrap; }
hr { height: 1px; border-width: 0; }
li.unchecked::marker { content: ""\2610""; }
li.checked::marker { content: ""\2612""; }
</style></head><body style="" font-family:'Inter'; font-size:14px; font-weight:400; font-style:normal;"">
<p style="" margin-top:0px; margin-bottom:0px; margin-left:0px; margin-right:0px; -qt-block-indent:0; text-indent:0px;""><a href=""https://www2.gov.bc.ca/assets/gov/environment/natural-resource-stewardship/nr-laws-policy/risc/sitecard20.pdf""><span style="" text-decoration: underline; color:#007aff;"">Link to Methods for Site Card</span></a></p></body></html>","~/Projects/gis/sern_fraser_2024/data_field/2025/form_fiss_site_2025.gpkg",518189,5961986,"Stream is flowing, but volumes are what must be minimal compared to Channell forming discharge. Very large amounts of algae near to the highway potentially indicating some nutrient inputs perhaps from the mill site upstream however, farther downstream the algae is less thick. Large areas of gravel suitable for Chinook and sockeye spawning if there was sufficient flow during periods of spawning. EDNA site at the bottom end of survey.","2025-09-25","stream","GPS general","100-559300-00000-00000-0000-0000-000-000-000-000-000-000","TABR","00000TABR","c(1215181.83412249, 982952.753740943)"
"2025/09/25 16:11:15","196085_us","Tabor Creek","AI","Channel was dewatered at the time of assessment with shallow pools present at the downstream end of the site. Gravels were abundant throughout and suitable for chinook and sockeye spawning under adequate flow conditions. Deep pools were likely present when the stream was flowing. Chinook were documented downstream of the Willow FSR crossing in 2004.  eDNA sample collected at the bottom end of the survey (upstream of the crossing).","newgraph_airvine","newgraph_airvine","newgraph_airvine",196085,"us",NA,9,7.6,497,"clear","low","No","Yes",10,NA,NA,1.9,13.1,"2025/09/25 16:15:11",NA,10,"2025/09/25 16:24:34",NA,8,"2025/09/25 16:24:34",NA,12,"2025/09/25 16:26:40",NA,12,"2025/09/25 16:28:07",NA,NA,NA,NA,NA,NA,1.5,"2025/09/25 16:17:32",2,"2025/09/25 16:23:40",1.5,"2025/09/25 16:28:13",1,"2025/09/25 16:33:59",NA,"2025/09/25 16:28:44",NA,NA,NA,NA,NA,NA,NA,NA,NA,NA,NA,NA,0.8,NA,0.9,NA,0.7,NA,NA,NA,"gravels","cobbles","medium",NA,NA,NA,NA,"trace","trace","trace","dominant","sub-dominant","trace","trace","trace","1-20%","few","evenly distributed","vascular plants","sloping","fines",NA,"mixed forest","mature forest","V-shaped","gravels",NA,"mixed forest","mature forest",NA,NA,"riffle-pool","irregular meanders","Partially Coupled","frequently confined",NA,NA,NA,NA,410,NA,NA,NA,NA,NA,NA,NA,NA,NA,"ignore_mobile/photos/20250925_163913.jpg",NA,"ignore_mobile/photos/20250925_163921.jpg","ignore_mobile/photos/20250925_163923.jpg","ignore_mobile/photos/20250925_164406.jpg","Card back",NA,NA,NA,NA,NA,NA,NA,NA,"ignore_mobile/photos/20250925_164401.jpg","recording meter","recording meter",NA,"metre tape","metre tape","clinometer","metre stick","metre stick","pH meter (general)",NA,11,1.9,1.5,NA,0.8,"<a href=""https://www2.gov.bc.ca/assets/gov/environment/natural-resource-stewardship/nr-laws-policy/risc/sitecard20.pdf"">Link to Methods for Site Card</a>","~/Projects/gis/sern_fraser_2024/data_field/2025/form_fiss_site_2025.gpkg",518524,5962003,"Channell D watered at tone assessment, shower pools located at the very downstream end of the site. Abundant gravels throughout suitable for Chinook and sockeye spawning flows were suitable at the time of spawning. Likely some deep pools present when stream is flowing.","2025-09-25","stream","GPS general","100-559300-00000-00000-0000-0000-000-000-000-000-000-000","TABR","00000TABR","c(1215515.0465117, 982983.947445001)"
"2025/09/25 17:11:35","203582_us","Tabor Creek","AI","Stream was dewatered until approximately 360m upstream of the railway culverts. The farthest downstream pool contained numerous fry and was where eDNA sampling was conducted. Upstream, occasional pools transitioned to increasing flow toward the upper end of the site where a continually flowing channel reemerged. The system was extremely large with high flows during freshet based on the size of the substrates. Gravels were abundant throughout, with limited woody debris or instream cover at low flow, restricted mainly to interstitial spaces between cobbles and boulders.","newgraph_airvine","newgraph_airvine","newgraph_airvine",203582,"us",NA,9,7.6,497,"clear","low","No","Yes",10,NA,NA,NA,13,"2025/09/25 17:13:55",NA,12,"2025/09/25 17:16:08",NA,17,"2025/09/25 17:18:23",0.9,14.3,"2025/09/25 17:28:18",4.5,12,"2025/09/25 17:37:51",2,19,"2025/09/25 17:44:28",NA,NA,NA,1.5,"2025/09/25 17:14:02",0.5,"2025/09/25 17:30:40",0.5,"2025/09/25 17:40:05",NA,NA,NA,NA,NA,NA,NA,NA,NA,NA,NA,NA,NA,NA,NA,NA,NA,NA,NA,NA,NA,NA,NA,NA,"gravels","cobbles","medium",NA,NA,NA,NA,"trace","trace","trace","dominant","sub-dominant","trace","trace","none","1-20%","few","clumped","algae","overhanging bank","fines",NA,"mixed forest","mature forest","sloping","gravels",NA,"mixed forest","mature forest",NA,NA,"riffle-pool","irregular wandering","Partially Coupled","frequently confined",NA,NA,NA,NA,650,NA,NA,NA,NA,NA,NA,NA,NA,NA,NA,"ignore_mobile/photos/20250925_174945.jpg","ignore_mobile/photos/20250925_174950.jpg","ignore_mobile/photos/20250925_175000.jpg",NA,NA,NA,NA,NA,NA,NA,NA,NA,NA,NA,"recording meter","recording meter",NA,"metre tape","metre tape","clinometer","metre stick","metre stick","pH meter (general)",NA,14.6,2.5,0.8,NA,NA,"<a href=""https://www2.gov.bc.ca/assets/gov/environment/natural-resource-stewardship/nr-laws-policy/risc/sitecard20.pdf"">Link to Methods for Site Card</a>","~/Projects/gis/sern_fraser_2024/data_field/2025/form_fiss_site_2025.gpkg",518868,5962010,"Stream D watered until approximately 360m upstream of the railway culverts. Farthest downstream pool contained numerous fraud where EDNA sampling was conducted. Upstream of where occasional pools began flows increase towards the top end of the site where continually flowing Channell remerge. This is an extremely large system With high flows and fresh at based on the size of the substrates. Abundant gravels present throughout the entire area with little woody, Dupree and cover present at low flows really only in the interstitial spaces between cobbles and folders.","2025-09-25","stream","GPS general",NA,NA,"00000NA","c(1215857.65551964, 983005.499609706)"
"2025/10/05 12:18:22","126158_ds","Tributary to Stony Lake","AI","Abundant gravels were present throughout with no barriers observed between the road crossing and the lake. The stream was relatively large with good flow, containing occasional shallow pools and sparse large and small woody debris. eDNA sample collected at the downstream end of the survey.","newgraph_airvine","newgraph_airvine","newgraph_airvine",126158,"ds",NA,3,7.4,79,"clear","moderate","No","No",10,NA,NA,2.3,4.4,"2025/10/05 12:21:20",1.1,2.9,"2025/10/05 12:25:01",2.3,4.8,"2025/10/05 12:29:59",3.2,5,"2025/10/05 12:36:21",NA,NA,NA,NA,NA,NA,NA,NA,NA,1.5,"2025/10/05 12:25:10",3,"2025/10/05 12:32:43",3.5,"2025/10/05 12:36:27",NA,NA,0.45,"2025/10/05 12:27:45",NA,NA,NA,NA,NA,NA,NA,NA,NA,NA,NA,NA,0.57,"2025/10/05 12:21:29",0.6,"2025/10/05 12:30:33",0.45,"2025/10/05 12:37:34",NA,NA,"gravels","cobbles","medium",NA,NA,NA,NA,"moderate","sub-dominant","trace","trace","dominant","sub-dominant","sub-dominant","trace","21-40%","few","evenly distributed","mosses","sloping","gravels",NA,"mixed forest","mature forest","undercut","fines",NA,"mixed forest","mature forest",NA,NA,"riffle-pool","sinuous","Partially Coupled","occasionally confined",NA,NA,NA,NA,240,NA,NA,NA,NA,NA,NA,NA,NA,NA,"ignore_mobile/photos/20251005_122710.jpg","ignore_mobile/photos/20251005_122713.jpg","ignore_mobile/photos/20251005_123640.jpg","ignore_mobile/photos/20251005_124119.jpg","ignore_mobile/photos/20251005_130231.jpg","Card back",NA,NA,NA,NA,NA,NA,NA,NA,"ignore_mobile/photos/20251005_130224.jpg","recording meter","recording meter",NA,"metre tape","metre tape","clinometer","metre stick","metre stick","pH meter (general)",NA,4.3,2.2,2.7,0.5,0.5,"<a href=""https://www2.gov.bc.ca/assets/gov/environment/natural-resource-stewardship/nr-laws-policy/risc/sitecard20.pdf"">Link to Methods for Site Card</a>","~/Projects/gis/sern_fraser_2024/data_field/2025/form_fiss_site_2025.gpkg",577453,5918510,"Abundant gravels throughout with no barriers between the road and the lake. Larger stream with good flow. Occasional shallow pools and sparse large wood debris and small Woody be thank you.","2025-10-05","stream","GPS general","100-596500-54900-31600-0000-0000-000-000-000-000-000-000","WILL","00000WILL","c(1276110.93694595, 941890.81797096)"
"2025/10/05 13:18:22","126158_us","Tributary to Stony Lake","AI","Low-gradient stream with abundant gravels and diverse cover types including boulders, small and large woody debris, and undercut banks.  Good flow with no natural barriers observed within the surveyed area. eDNA sample was collected at the downstream end of the site. Bull trout documented downstream of the crossing in 2014.","newgraph_airvine","newgraph_airvine","newgraph_airvine",126158,"us",NA,3,7.4,79,"clear","moderate","No","No",10,NA,NA,4,5,"2025/10/05 13:19:09",2.4,3.3,"2025/10/05 13:25:36",2.4,2.7,"2025/10/05 13:31:04",2.3,3.8,"2025/10/05 13:34:32",2.5,2.7,"2025/10/05 13:36:46",NA,NA,NA,NA,NA,NA,5,"2025/10/05 13:19:19",5.5,"2025/10/05 13:25:41",4,"2025/10/05 13:31:09",NA,NA,0.25,NA,0.25,"2025/10/05 13:34:40",NA,NA,NA,NA,NA,NA,NA,NA,NA,NA,0.6,"2025/10/05 13:25:48",0.6,"2025/10/05 13:31:28",0.6,"2025/10/05 13:36:55",NA,NA,"gravels","cobbles","medium",NA,NA,NA,NA,"moderate","sub-dominant","sub-dominant","sub-dominant","dominant","trace","sub-dominant","trace","41-70%","few","evenly distributed","mosses","sloping","gravels",NA,"mixed forest","mature forest","undercut","fines",NA,"coniferous forest","young forest",NA,NA,"riffle-pool","sinuous","Decoupled","occasionally confined",NA,NA,NA,NA,330,NA,NA,NA,NA,NA,NA,NA,NA,NA,"ignore_mobile/photos/20251005_135224.jpg",NA,"ignore_mobile/photos/20251005_132609.jpg","ignore_mobile/photos/20251005_134215.jpg","ignore_mobile/photos/20251005_134447.jpg","Card back",NA,NA,NA,NA,NA,NA,NA,NA,"ignore_mobile/photos/20251005_134442.jpg","recording meter","recording meter",NA,"metre tape","metre tape","clinometer","metre stick","metre stick","pH meter (general)",NA,3.5,2.7,4.8,0.3,0.6,"<!DOCTYPE HTML PUBLIC ""-//W3C//DTD HTML 4.0//EN"" ""http://www.w3.org/TR/REC-html40/strict.dtd"">
<html><head><meta name=""qrichtext"" content=""1"" /><meta charset=""utf-8"" /><style type=""text/css"">
p, li { white-space: pre-wrap; }
hr { height: 1px; border-width: 0; }
li.unchecked::marker { content: ""\2610""; }
li.checked::marker { content: ""\2612""; }
</style></head><body style="" font-family:'Inter'; font-size:14px; font-weight:400; font-style:normal;"">
<p style="" margin-top:0px; margin-bottom:0px; margin-left:0px; margin-right:0px; -qt-block-indent:0; text-indent:0px;""><a href=""https://www2.gov.bc.ca/assets/gov/environment/natural-resource-stewardship/nr-laws-policy/risc/sitecard20.pdf""><span style="" text-decoration: underline; color:#007aff;"">Link to Methods for Site Card</span></a></p></body></html>","~/Projects/gis/sern_fraser_2024/data_field/2025/form_fiss_site_2025.gpkg",577644,5918593,"Low gradient stream with abundant gravels and cover available as Boulder‘s smaller debris, large debris, undercut banks, etc. Good flow and no natural barriers observed in area survey","2025-10-05","stream","GPS general","100-596500-54900-31600-0000-0000-000-000-000-000-000-000","WILL","00000WILL","c(1276297.79125728, 941982.06619351)"
"2025/10/05 16:03:46","196332_ds","South Yuzkli Creek","AI","Steep stream with numerous step-pool features formed by large woody debris ranging from 40–60cm in height. Shallow pools were present, typically 30–40cm deep, with boulder and overhead cover distributed throughout. eDNA sample was collected at the downstream end of the site. Bull trout documented downstream of the crossing in 2014.","newgraph_airvine","newgraph_airvine","newgraph_airvine",196332,"ds",NA,2,7.2,116,"clear","moderate","No","No",10,NA,NA,2,2.9,"2025/10/05 16:05:59",2.8,3.7,"2025/10/05 16:12:55",2.8,3.2,"2025/10/05 16:16:22",3,3.2,"2025/10/05 16:22:26",2.1,4,"2025/10/05 16:28:20",3.1,3.3,"2025/10/05 16:31:56",NA,NA,NA,7.5,"2025/10/05 16:15:21",8,"2025/10/05 16:22:37",8,"2025/10/05 16:32:00",NA,NA,0.3,NA,0.35,"2025/10/05 16:12:45",0.35,NA,0.25,"2025/10/05 16:26:55",NA,NA,NA,NA,NA,NA,0.4,"2025/10/05 16:22:45",0.4,"2025/10/05 16:32:10",NA,NA,NA,NA,"cobbles","boulders","medium",NA,NA,NA,NA,"moderate","sub-dominant","sub-dominant","dominant","sub-dominant","sub-dominant","sub-dominant","trace","41-70%","few","evenly distributed","mosses","sloping","cobbles",NA,"coniferous forest","mature forest","undercut","fines",NA,"coniferous forest","mature forest",NA,NA,"step-pool","sinuous","Partially Coupled","frequently confined",NA,NA,NA,NA,220,NA,NA,NA,NA,NA,NA,NA,NA,NA,"ignore_mobile/photos/20251005_162624.jpg","ignore_mobile/photos/20251005_161732.jpg","ignore_mobile/photos/20251005_161651.jpg","ignore_mobile/photos/20251005_164642.jpg",NA,NA,NA,NA,NA,NA,NA,NA,NA,NA,NA,"recording meter","recording meter",NA,"metre tape","metre tape","clinometer","metre stick","metre stick","pH meter (general)",NA,3.4,2.6,7.8,0.3,0.4,"<!DOCTYPE HTML PUBLIC ""-//W3C//DTD HTML 4.0//EN"" ""http://www.w3.org/TR/REC-html40/strict.dtd"">
<html><head><meta name=""qrichtext"" content=""1"" /><meta charset=""utf-8"" /><style type=""text/css"">
p, li { white-space: pre-wrap; }
hr { height: 1px; border-width: 0; }
li.unchecked::marker { content: ""\2610""; }
li.checked::marker { content: ""\2612""; }
</style></head><body style="" font-family:'Inter'; font-size:14px; font-weight:400; font-style:normal;"">
<p style="" margin-top:0px; margin-bottom:0px; margin-left:0px; margin-right:0px; -qt-block-indent:0; text-indent:0px;""><a href=""https://www2.gov.bc.ca/assets/gov/environment/natural-resource-stewardship/nr-laws-policy/risc/sitecard20.pdf""><span style="" text-decoration: underline; color:#007aff;"">Link to Methods for Site Card</span></a></p></body></html>","~/Projects/gis/sern_fraser_2024/data_field/2025/form_fiss_site_2025.gpkg",578168,5895305,"Nice stream, fairly steep with numerous steps from large Woody debris between 40 to 60 cm in height. Murkiest shallow pools to 30 to 40 cm deep and folder and ledger cover throughout.","2025-10-05","stream","GPS general","100-596500-81100-34900-0000-0000-000-000-000-000-000-000","WILL","00000WILL","c(1277815.09313635, 918670.507665235)"
"2025/10/05 17:16:45","196332_us","South Yuzkli Creek","AI","Steep stream with good flow and numerous step-pool features ranging from 30–50cm in height. Shallow pools were 30–40cm deep with pockets of gravel suitable for resident Bull trout spawning. Large woody debris was abundant throughout. eDNA sample was collected at the downstream end of the site.","newgraph_airvine","newgraph_airvine","newgraph_airvine",196332,"us",NA,2,7.2,116,"clear","moderate","No","No",10,NA,NA,2.7,3.5,"2025/10/05 17:19:06",3,3.8,"2025/10/05 17:21:05",1.4,2,"2025/10/05 17:24:13",1.4,2.5,"2025/10/05 17:29:56",2.9,3.2,"2025/10/05 17:33:36",NA,NA,NA,NA,NA,NA,8.5,"2025/10/05 17:20:25",9,"2025/10/05 17:26:05",9.5,"2025/10/05 17:30:06",8,"2025/10/05 17:37:42",0.3,"2025/10/05 17:17:28",0.3,"2025/10/05 17:31:43",NA,NA,NA,NA,NA,NA,NA,NA,NA,NA,0.4,"2025/10/05 17:32:08",NA,NA,NA,NA,NA,NA,"cobbles","boulders","medium",NA,NA,NA,NA,"moderate","sub-dominant","sub-dominant","dominant","sub-dominant","trace","sub-dominant","trace","71-90%","abundant","evenly distributed","mosses","sloping","cobbles",NA,"coniferous forest","mature forest","undercut","fines",NA,"coniferous forest","mature forest",NA,NA,"step-pool","sinuous","Partially Coupled","frequently confined",NA,NA,NA,NA,400,NA,NA,NA,NA,NA,NA,NA,NA,NA,"ignore_mobile/photos/20251005_174035.jpg","ignore_mobile/photos/20251005_173438.jpg","ignore_mobile/photos/20251005_171740.jpg","ignore_mobile/photos/20251005_173221.jpg",NA,NA,NA,NA,NA,NA,NA,NA,NA,NA,"ignore_mobile/photos/20251005_174851.jpg","recording meter","recording meter",NA,"metre tape","metre tape","clinometer","metre stick","metre stick","pH meter (general)",NA,3,2.3,8.8,0.3,0.4,"<!DOCTYPE HTML PUBLIC ""-//W3C//DTD HTML 4.0//EN"" ""http://www.w3.org/TR/REC-html40/strict.dtd"">
<html><head><meta name=""qrichtext"" content=""1"" /><meta charset=""utf-8"" /><style type=""text/css"">
p, li { white-space: pre-wrap; }
hr { height: 1px; border-width: 0; }
li.unchecked::marker { content: ""\2610""; }
li.checked::marker { content: ""\2612""; }
</style></head><body style="" font-family:'Inter'; font-size:14px; font-weight:400; font-style:normal;"">
<p style="" margin-top:0px; margin-bottom:0px; margin-left:0px; margin-right:0px; -qt-block-indent:0; text-indent:0px;""><a href=""https://www2.gov.bc.ca/assets/gov/environment/natural-resource-stewardship/nr-laws-policy/risc/sitecard20.pdf""><span style="" text-decoration: underline; color:#007aff;"">Link to Methods for Site Card</span></a></p></body></html>","~/Projects/gis/sern_fraser_2024/data_field/2025/form_fiss_site_2025.gpkg",578277,5895115,"Good flow, steeper stream with numerous step pool steps of 30 to 50 cm and shallow pools 30 to 40 cm deep. Pockets of gravel present suitable for resident boat, trout, spawning and abundant large Woody debris throughout.","2025-10-05","stream","GPS general","100-596500-81100-34900-0000-0000-000-000-000-000-000-000","WILL","00000WILL","c(1277931.87853146, 918484.759586732)"
NA,"197912_us","Robert Hatch",NA,"High value habitat. Low densities of fish (not sure why). Abundant gravels, deep pools, undercut banks, and small woody debris. Extreme areas of algal growth. Cattle impacts extreme throughout.",NA,NA,NA,197912,"us",NA,12,8,283,"Clear",NA,NA,NA,9,670788,6046511,NA,NA,NA,NA,NA,NA,NA,NA,NA,NA,NA,NA,NA,NA,NA,NA,NA,NA,NA,NA,NA,NA,NA,NA,NA,NA,NA,NA,NA,NA,NA,NA,NA,NA,NA,NA,NA,NA,NA,NA,NA,NA,NA,NA,NA,NA,NA,NA,NA,NA,NA,"gravels","fines",NA,3,0,3,NA,"abundant","sub-dominant","sub-dominant","none","sub-dominant","dominant","sub-dominant","sub-dominant","21-40%","few","evenly distributed",NA,"undercut","fines",NA,"shrubs","shrub","sloping","gravels",NA,"shrubs","shrub",NA,NA,NA,NA,NA,NA,"beaver dam",1.2,NA,NA,NA,NA,NA,NA,NA,NA,NA,NA,NA,NA,NA,NA,NA,NA,NA,NA,NA,NA,NA,NA,NA,NA,NA,NA,NA,"recording meter","recording meter",NA,"metre tape","metre tape","clinometer","metre stick","metre stick","pH meter (general)","metre stick",NA,NA,NA,NA,NA,NA,"~/Projects/gis/sern_skeena_2023/data_field/2025/form_fiss_site_2025.gpkg",670788,6046511,NA,NA,"stream","GPS general","460-788200-05100-00000-0000-0000-000-000-000-000-000-000","BULK","00000BULK","c(976754.834278424, 1059641.35559461)"
