site_id,stream_name,site_description_general,site_description_habitat_type,date_time_sample,date_time_storage,depth_sample,crew_members_sample,crew_members_filter,mergin_user,camera_id,gps_id,gps_waypoint_id,method_sample,method_preservation,utm_zone,utm_easting,utm_northing,filter_size_um,filter_type,filter_size_prefilter_um,filter_volume_l,filter_time_start,filter_time_end,filter_time,species_target,control_blank_field,control_blank_office,control_species_present_field,species_detected_lab,temperature,conductivity_us,ph,tubidity_ntu,comments_field,assessment_electrofishing,assessment_habitat,assessment_stream_crossing,assessment_uav_flight,assessment_benthic,lab_id,date_lab_submitted,date_lab_processed,comments_lab,photo_site,photo_upstream,photo_downstream,photo_extra1,photo_extra1_tag,photo_extra2,photo_extra2_tag,photo_extra3,photo_extra3_tag,methods_link1,methods_link2,methods_link3,source,geom,easting,northing
125179_ds_ed1a,Tributary to Missinka River ,Collected samples roughly 35m downstream of bridge on right bank. Just downstream of the bottom of the EF site,Riffle ,2025-09-13T18:00:22Z,NA,NA,Ls,AI,newgraph_lschick,newgraph_lschick,newgraph_lschick,430,Grab ,silica,10,NA,NA,1,Mce,NA,3,2025-09-15T07:20:20Z,NA,250,BT GR RB KO,NA,NA,NA,NA,7.7,66,8.9,NA,Filtered day after - at night - at hotel . Samples kept in fridge. Filter time is rough estimate as timer was not on for the entire filtering session.,TRUE,NA,NA,NA,NA,NA,NA,NA,NA,ignore_mobile/photos/20250913_153552.jpg,ignore_mobile/photos/20250913_153554.jpg,ignore_mobile/photos/20250913_153556.jpg,ignore_mobile/photos/20250913_153559.jpg,Card,NA,NA,NA,NA,"<a href=""https://waves-vagues.dfo-mpo.gc.ca/library-bibliotheque/40960791.pdf"">Link to Methods1</a>",NA,NA,~/Projects/gis/sern_peace_fwcp_2023/data_field/2025/form_edna_2025.gpkg,"c(1263237.45583379, 1076187.9216967)",570276,6052824
125179_us_ed1a,Tributary to Missinka River,Sample collected 3m upstream of bridge on left bank. No waypoint but at bridge so see PSCIS UTM.,Riffe,2025-09-13T20:08:59Z,NA,0.1,AI,AI,newgraph_airvine,newgraph_airvine,newgraph_airvine,NA,Grab,silica,10,NA,NA,1,Mce,NA,3,2025-09-15T07:50:03Z,NA,280,BT GR RB KO,TRUE,NA,TRUE,NA,8.9,66,7.7,NA,grayling -  check code. Rainbow confirmed with electrofish. Filtering conducted back at hotel the day after sampling.,TRUE,TRUE,NA,NA,NA,NA,NA,NA,NA,ignore_mobile/photos/20250913_131047.jpg,ignore_mobile/photos/20250913_131049.jpg,ignore_mobile/photos/20250913_131051.jpg,ignore_mobile/photos/20250913_131054.jpg,Card,NA,NA,NA,NA,"<a href=""https://waves-vagues.dfo-mpo.gc.ca/library-bibliotheque/40960791.pdf"">Link to Methods1</a>",NA,NA,~/Projects/gis/sern_peace_fwcp_2023/data_field/2025/form_edna_2025.gpkg,"c(1263281.9931703, 1076199.31432866)",570321,6052833
125179_ds_ed1b,NA,Office blank,NA,2025-09-15T06:40:42Z,2025-09-15T06:43:26Z,NA,AI,AI,newgraph_airvine,newgraph_airvine,newgraph_airvine,NA,Grab,Silica,10,NA,NA,1,Mce,NA,1,NA,NA,90,BT GR RB KO,NA,TRUE,NA,NA,NA,NA,NA,NA,Office blank,NA,NA,NA,NA,NA,NA,NA,NA,NA,ignore_mobile/photos/20250914_234259.jpg,NA,NA,NA,NA,NA,NA,NA,NA,"<a href=""https://waves-vagues.dfo-mpo.gc.ca/library-bibliotheque/40960791.pdf"">Link to Methods1</a>",NA,NA,~/Projects/gis/sern_peace_fwcp_2023/data_field/2025/form_edna_2025.gpkg,"c(1207688.35379247, 999466.732271131)",511387,5978751
125179_us_ed1b,NA,Office blank.,NA,2025-09-15T07:51:00Z,2025-09-15T07:51:21Z,NA,AI,AI,newgraph_airvine,newgraph_airvine,newgraph_airvine,NA,Grab,Silica,10,NA,NA,1,Mce,NA,1,2025-09-15T07:51:57Z,NA,45,BT GR RB KO,NA,TRUE,NA,NA,NA,NA,NA,NA,"Control blank conducted at the office. Filter time does not include the time to dry the filter, which is actually the first time I have not recorded that. Basically all filter times are to be considered unreliable
                    ",NA,NA,NA,NA,NA,NA,NA,NA,NA,ignore_mobile/photos/20250915_005304.jpg,NA,NA,NA,NA,NA,NA,NA,NA,"<a href=""https://waves-vagues.dfo-mpo.gc.ca/library-bibliotheque/40960791.pdf"">Link to Methods1</a>",NA,NA,~/Projects/gis/sern_peace_fwcp_2023/data_field/2025/form_edna_2025.gpkg,"c(1207690.11954672, 999469.597330352)",511389,5978753
125231_us_ed1,Tributary to Table River,Sample collected 20m upstream of bridge.,Riffle,2025-09-17T21:13:44Z,NA,0.1,LS,AI,newgraph_airvine,newgraph_airvine,newgraph_airvine,164,Grab,Silica,10,NA,NA,1,Mce,NA,3,2025-09-18T04:27:55Z,NA,176,BT GR RB KO,NA,NA,NA,NA,NA,NA,NA,NA,Filter time good.,NA,NA,NA,NA,NA,NA,NA,NA,NA,ignore_mobile/photos/20250917_141656.jpg,ignore_mobile/photos/20250917_141658.jpg,ignore_mobile/photos/20250917_141700.jpg,NA,NA,NA,NA,NA,NA,"<a href=""https://waves-vagues.dfo-mpo.gc.ca/library-bibliotheque/40960791.pdf"">Link to Methods1</a>",NA,NA,~/Projects/gis/sern_peace_fwcp_2023/data_field/2025/form_edna_2025.gpkg,"c(1242478.41556297, 1087684.17818657)",549974,6065147
125261_ds_ed1,Fern Creek,Sample collected 100m downstream of culvert at spot easily accessible from road with no riparian vegetation.,Riffle,2025-09-17T23:32:48Z,NA,0.05,LS AI,NA,newgraph_airvine,newgraph_airvine,newgraph_airvine,166,Grab,Silica,10,NA,NA,1,Mce,NA,3,2025-09-18T05:07:06Z,NA,402,BT GR RB KO,NA,NA,NA,NA,10.9,279,8.3,NA, Possible to test for Burbot?  Filter time good         ,NA,NA,NA,NA,NA,NA,NA,NA,NA,ignore_mobile/photos/20250917_163937.jpg,ignore_mobile/photos/20250917_163939.jpg,ignore_mobile/photos/20250917_163941.jpg,NA,NA,NA,NA,NA,NA,"<a href=""https://waves-vagues.dfo-mpo.gc.ca/library-bibliotheque/40960791.pdf"">Link to Methods1</a>",NA,NA,~/Projects/gis/sern_peace_fwcp_2023/data_field/2025/form_edna_2025.gpkg,"c(1227103.04614528, 1089515.80697617)",534654,6067619
125261_us_ed1a,Fern Creek,Sample collected approximately 20m upstream of the road accessed from quad road located 15m east of the culvert. Can also access the site by just walking up left bank of stream for 15 - 20m.,Riffle,2025-09-18T00:06:31Z,NA,0.07,AI LS,NA,newgraph_airvine,newgraph_airvine,newgraph_airvine,NA,Instream,Silica,10,NA,NA,1,Mce,NA,NA,NA,NA,380,BT GR RB KO,NA,NA,NA,NA,NA,NA,NA,NA,Also did a grab sample at the same location .  See 125261_us_ed1b. See downstream site for water quality.            ,NA,NA,NA,NA,NA,NA,NA,NA,NA,ignore_mobile/photos/20250917_171026.jpg,NA,NA,ignore_mobile/photos/20250917_171030.jpg,NA,NA,NA,NA,NA,"<!DOCTYPE HTML PUBLIC ""-//W3C//DTD HTML 4.0//EN"" ""http://www.w3.org/TR/REC-html40/strict.dtd"">
<html><head><meta name=""qrichtext"" content=""1"" /><meta charset=""utf-8"" /><style type=""text/css"">
p, li { white-space: pre-wrap; }
hr { height: 1px; border-width: 0; }
li.unchecked::marker { content: ""\2610""; }
li.checked::marker { content: ""\2612""; }
</style></head><body style="" font-family:'Inter'; font-size:14px; font-weight:400; font-style:normal;"">
<p style="" margin-top:0px; margin-bottom:0px; margin-left:0px; margin-right:0px; -qt-block-indent:0; text-indent:0px;""><a href=""https://waves-vagues.dfo-mpo.gc.ca/library-bibliotheque/40960791.pdf""><span style="" text-decoration: underline; color:#007aff;"">Link to Methods1</span></a></p></body></html>",NA,NA,~/Projects/gis/sern_peace_fwcp_2023/data_field/2025/form_edna_2025.gpkg,"c(1227044.51085978, 1089667.01744701)",534601,6067772
125231_ds_ed1a,Tributary to Table River,"Samples taken roughly 20m ds of bridge, on right bank. At the bottom ef sites flagging. ",Riffle ,2025-09-17T18:11:53Z,NA,0.1,"Ls, ai, Mcleod",NA,newgraph_lschick,newgraph_lschick,newgraph_lschick,163,Instream,silica,10,NA,NA,1,Mce,NA,1,NA,NA,NA,BT GR RB KO,TRUE,FALSE,NA,NA,NA,NA,NA,NA,Blank ,TRUE,NA,NA,NA,NA,NA,NA,NA,NA,ignore_mobile/photos/20250917_113648.jpg,ignore_mobile/photos/20250917_113652.jpg,ignore_mobile/photos/20250917_113655.jpg,ignore_mobile/photos/20250917_113657.jpg,Card ,NA,NA,NA,NA,"<!DOCTYPE HTML PUBLIC ""-//W3C//DTD HTML 4.0//EN"" ""http://www.w3.org/TR/REC-html40/strict.dtd"">
<html><head><meta name=""qrichtext"" content=""1"" /><meta charset=""utf-8"" /><style type=""text/css"">
p, li { white-space: pre-wrap; }
hr { height: 1px; border-width: 0; }
li.unchecked::marker { content: ""\2610""; }
li.checked::marker { content: ""\2612""; }
</style></head><body style="" font-family:'Inter'; font-size:14px; font-weight:400; font-style:normal;"">
<p style="" margin-top:0px; margin-bottom:0px; margin-left:0px; margin-right:0px; -qt-block-indent:0; text-indent:0px;""><a href=""https://waves-vagues.dfo-mpo.gc.ca/library-bibliotheque/40960791.pdf""><span style="" text-decoration: underline; color:#0984ff;"">Link to Methods1</span></a></p></body></html>",NA,NA,~/Projects/gis/sern_peace_fwcp_2023/data_field/2025/form_edna_2025.gpkg,"c(1242439.04215454, 1087633.48357017)",549932,6065099
125231_ds_ed1c,Tributary to Table River,"Second sample after last try wasn’t working. 
",Riffle ,2025-09-17T18:24:59Z,NA,0.1,"Ls,ai",NA,newgraph_lschick,newgraph_lschick,newgraph_lschick,163,Instream,silica,10,NA,NA,1,Mce,NA,3,NA,NA,448,BT GR RB KO,NA,NA,NA,NA,NA,NA,NA,NA,NA,TRUE,NA,NA,NA,NA,NA,NA,NA,NA,ignore_mobile/photos/20250917_113716.jpg,ignore_mobile/photos/20250917_113719.jpg,ignore_mobile/photos/20250917_113724.jpg,ignore_mobile/photos/20250917_113726.jpg,Card,NA,NA,NA,NA,"<!DOCTYPE HTML PUBLIC ""-//W3C//DTD HTML 4.0//EN"" ""http://www.w3.org/TR/REC-html40/strict.dtd"">
<html><head><meta name=""qrichtext"" content=""1"" /><meta charset=""utf-8"" /><style type=""text/css"">
p, li { white-space: pre-wrap; }
hr { height: 1px; border-width: 0; }
li.unchecked::marker { content: ""\2610""; }
li.checked::marker { content: ""\2612""; }
</style></head><body style="" font-family:'Inter'; font-size:14px; font-weight:400; font-style:normal;"">
<p style="" margin-top:0px; margin-bottom:0px; margin-left:0px; margin-right:0px; -qt-block-indent:0; text-indent:0px;""><a href=""https://waves-vagues.dfo-mpo.gc.ca/library-bibliotheque/40960791.pdf""><span style="" text-decoration: underline; color:#0984ff;"">Link to Methods1</span></a></p></body></html>",NA,NA,~/Projects/gis/sern_peace_fwcp_2023/data_field/2025/form_edna_2025.gpkg,"c(1242440.48472098, 1087631.02582867)",549933,6065096
125180_ds_ed1,Tributary to Missinka River ,"Sample collected 30m down from the bridge, on the right bank of the stream. Sample collected at the bottom of the 2024 EF site.",Riffle,2025-09-18T16:55:02Z,NA,0.05,"LS,NJ,TM",NA,newgraph_lschick,newgraph_lschick,newgraph_lschick,432,Grab,silica,10,NA,NA,1,mce,NA,2,2025-09-19T11:11:11Z,NA,155,BT GR RB KO,FALSE,FALSE,FALSE,NA,8,63.3,7.9,NA,NA,FALSE,FALSE,FALSE,FALSE,FALSE,NA,NA,NA,NA,ignore_mobile/photos/20250918_102007.jpg,ignore_mobile/photos/20250918_102009.jpg,ignore_mobile/photos/20250918_102011.jpg,ignore_mobile/photos/20250918_102017.jpg,Card,NA,NA,NA,NA,"<!DOCTYPE HTML PUBLIC ""-//W3C//DTD HTML 4.0//EN"" ""http://www.w3.org/TR/REC-html40/strict.dtd"">
<html><head><meta name=""qrichtext"" content=""1"" /><style type=""text/css"">
p, li { white-space: pre-wrap; }
</style></head><body style="" font-family:'.AppleSystemUIFont'; font-size:13pt; font-weight:400; font-style:normal;"">
<p style="" margin-top:0px; margin-bottom:0px; margin-left:0px; margin-right:0px; -qt-block-indent:0; text-indent:0px;""><a href=""https://waves-vagues.dfo-mpo.gc.ca/library-bibliotheque/40960791.pdf""><span style="" text-decoration: underline; color:#419cff;"">Link to Methods1</span></a></p></body></html>",NA,NA,~/Projects/gis/sern_peace_fwcp_2023/data_field/2025/form_edna_2025.gpkg,"c(1262616.88756743, 1076347.42853699)",569661,6053009
24718557_ed1,Missinka River ,Sample collected 15m upstream from the bridge on the right bank. There is a better sampling location roughly 20m upstream where the thalweg reaches the stream bank. ,Run,2025-09-18T17:47:47Z,NA,0.1,"LS,AI,TM,NJ","LS,AI,TM,NJ",newgraph_lschick,newgraph_lschick,newgraph_lschick,433,Instream,silica,10,NA,NA,1,Mce,100,1.6,NA,NA,663,BT GR RB KO,NA,NA,NA,NA,9.6,168.5,7.66,NA,"Used a pre filter with nitex filter, 100um. Filter housing barb not submerged and filter worked properly. 
",NA,NA,NA,NA,NA,NA,NA,NA,NA,ignore_mobile/photos/20250918_105514.jpg,ignore_mobile/photos/20250918_105516.jpg,ignore_mobile/photos/20250918_105518.jpg,ignore_mobile/photos/20250918_105531.jpg,Card,ignore_mobile/photos/20250918_110140.jpg,Action shot ,NA,NA,"<a href=""https://waves-vagues.dfo-mpo.gc.ca/library-bibliotheque/40960791.pdf"">Link to Methods1</a>",NA,NA,~/Projects/gis/sern_peace_fwcp_2023/data_field/2025/form_edna_2025.gpkg,"c(1259864.4050979, 1075914.87486767)",566886,6052694
57690_ds_ed1,Tributary to Wichcika Creek,Sampled roughly 40m downstream of road crossing on right bank.          ,Riffle ,2025-09-18T21:24:52Z,NA,0.05,"Ls, NJ",AI,newgraph_lschick,newgraph_lschick,newgraph_lschick,434,Grab ,silica,10,NA,NA,1,Mce,NA,NA,NA,NA,NA,BT GR RB KO,NA,NA,NA,NA,7.5,345,8.41,NA,NA,NA,NA,NA,NA,NA,NA,NA,NA,NA,ignore_mobile/photos/20250918_143535.jpg,ignore_mobile/photos/20250918_143537.jpg,ignore_mobile/photos/20250918_143539.jpg,ignore_mobile/photos/20250918_143542.jpg,Card,NA,NA,NA,NA,"<a href=""https://waves-vagues.dfo-mpo.gc.ca/library-bibliotheque/40960791.pdf"">Link to Methods1</a>",NA,NA,~/Projects/gis/sern_peace_fwcp_2023/data_field/2025/form_edna_2025.gpkg,"c(1248369.31599708, 1068836.50093561)",555073,6046127
57695_ds_ed1,Tributary to Wichcika Creek,Sample collected 5m from the culvert outlet. left bank.,Riffle,2025-09-18T22:53:16Z,NA,0.5,"LS,NJ,TM",NA,newgraph_lschick,newgraph_lschick,newgraph_lschick,435,Instream,silica,10,NA,NA,1,mce,NA,2,NA,NA,207,BT GR RB KO,NA,NA,NA,NA,NA,NA,NA,NA,NA,NA,NA,NA,NA,NA,NA,NA,NA,NA,NA,NA,NA,NA,NA,NA,NA,NA,NA,"<a href=""https://waves-vagues.dfo-mpo.gc.ca/library-bibliotheque/40960791.pdf"">Link to Methods1</a>",NA,NA,~/Projects/gis/sern_peace_fwcp_2023/data_field/2025/form_edna_2025.gpkg,"c(1256831.1999736, 1061831.21148814)",563250,6038794
57695_us_ed1,Tributary to Wichcika Creek,Sample collected 10m upstream from the culvert. Left bank. ,Riffle,2025-09-18T23:09:49Z,NA,0.5,"LS,NJ,TM",NA,newgraph_lschick,newgraph_lschick,newgraph_lschick,436,Instream,silica,10,NA,NA,1,mce,NA,2,NA,NA,185,BT RB,NA,NA,NA,NA,6.5,258,8.4,NA,NA,NA,NA,NA,NA,NA,NA,NA,NA,NA,ignore_mobile/photos/20250918_163124.jpg,ignore_mobile/photos/20250918_163131.jpg,ignore_mobile/photos/20250918_163134.jpg,ignore_mobile/photos/20250918_163137.jpg,Card,NA,NA,NA,NA,"<a href=""https://waves-vagues.dfo-mpo.gc.ca/library-bibliotheque/40960791.pdf"">Link to Methods1</a>",NA,NA,~/Projects/gis/sern_peace_fwcp_2023/data_field/2025/form_edna_2025.gpkg,"c(1256829.59480084, 1061863.69699846)",563250,6038826
125180_us_ed1,Tributary to Missinka River ,Sample collected immediately upstream of culvert inlets.,Riffle,2025-09-18T17:19:24Z,NA,0.1,LS TM,NA,newgraph_airvine,newgraph_airvine,newgraph_airvine,168,Grab,silica,10,NA,NA,1,mce,NA,2,NA,NA,120,BT GR RB KO,FALSE,FALSE,FALSE,NA,8,63,7.9,NA,Electrofished last year with fish tagged. ,FALSE,FALSE,FALSE,FALSE,FALSE,NA,NA,NA,NA,ignore_mobile/photos/20250918_102423.jpg,ignore_mobile/photos/20250918_102425.jpg,ignore_mobile/photos/20250918_102427.jpg,NA,NA,NA,NA,NA,NA,"<!DOCTYPE HTML PUBLIC ""-//W3C//DTD HTML 4.0//EN"" ""http://www.w3.org/TR/REC-html40/strict.dtd"">
<html><head><meta name=""qrichtext"" content=""1"" /><style type=""text/css"">
p, li { white-space: pre-wrap; }
</style></head><body style="" font-family:'.AppleSystemUIFont'; font-size:13pt; font-weight:400; font-style:normal;"">
<p style="" margin-top:0px; margin-bottom:0px; margin-left:0px; margin-right:0px; -qt-block-indent:0; text-indent:0px;""><a href=""https://waves-vagues.dfo-mpo.gc.ca/library-bibliotheque/40960791.pdf""><span style="" text-decoration: underline; color:#419cff;"">Link to Methods1</span></a></p></body></html>",NA,NA,~/Projects/gis/sern_peace_fwcp_2023/data_field/2025/form_edna_2025.gpkg,"c(1262621.85964007, 1076379.31689075)",569667,6053040
125194_ds_ed1a,Tributary to Missinka River ,Sample collected at downstream location of electrocfishing site from 2024 approximately 130 m downstream of the road                    ,Low flows so pulling water out of pool area          ,2025-09-18T18:39:18Z,NA,0.05,TM,NA,newgraph_airvine,newgraph_airvine,newgraph_airvine,169,Grab ,silica,10,NA,NA,1,mce,NA,1,2025-09-19T06:18:07Z,NA,67,BT RB,FALSE,FALSE,FALSE,NA,8.6,208,7.7,NA,Low flows so sampling location wasn’t ideal in slow moving pool water but the site was at the bottom end of where we electrofished so should give good indication of whether or not there are fish in the site. We fished in 2024.,FALSE,FALSE,FALSE,FALSE,FALSE,NA,NA,NA,NA,ignore_mobile/photos/20250918_114635.jpg,ignore_mobile/photos/20250918_114637.jpg,ignore_mobile/photos/20250918_114640.jpg,ignore_mobile/photos/20250918_114704.jpg,Card,NA,NA,NA,NA,"<!DOCTYPE HTML PUBLIC ""-//W3C//DTD HTML 4.0//EN"" ""http://www.w3.org/TR/REC-html40/strict.dtd"">
<html><head><meta name=""qrichtext"" content=""1"" /><style type=""text/css"">
p, li { white-space: pre-wrap; }
</style></head><body style="" font-family:'.AppleSystemUIFont'; font-size:13pt; font-weight:400; font-style:normal;"">
<p style="" margin-top:0px; margin-bottom:0px; margin-left:0px; margin-right:0px; -qt-block-indent:0; text-indent:0px;""><a href=""https://waves-vagues.dfo-mpo.gc.ca/library-bibliotheque/40960791.pdf""><span style="" text-decoration: underline; color:#419cff;"">Link to Methods1</span></a></p></body></html>",NA,NA,~/Projects/gis/sern_peace_fwcp_2023/data_field/2025/form_edna_2025.gpkg,"c(1256402.64510214, 1073566.44978755)",563319,6050500
125000_ds_ed1,Tributary to Parsnip River,Sample collected 100m downstream of road at location of downstream electrofishjng site from 2023. Right bank.,Riffle,2025-09-18T19:53:18Z,NA,0.1,LS AI NJ TM,AI,newgraph_airvine,newgraph_airvine,newgraph_airvine,170,Grab,silica,10,NA,NA,1,mce,NA,1.8,2025-07-19T04:34:33Z,NA,NA,BT GR RB KO,FALSE,FALSE,FALSE,NA,9.2,64,7.7,NA,Riffle at outlet of run section. Surveyor stepped in stream upstream near outlet approximately 10 minutes earlier so chance of contamination. Known rainbow and sculpin stream. no filter time. Actual filter amount 1.8l but could not edit in QGIS.,FALSE,FALSE,FALSE,FALSE,FALSE,NA,NA,NA,NA,ignore_mobile/photos/20250918_125706.jpg,ignore_mobile/photos/20250918_125708.jpg,ignore_mobile/photos/20250918_125710.jpg,ignore_mobile/photos/20250918_125718.jpg,Card,NA,NA,NA,NA,"<!DOCTYPE HTML PUBLIC ""-//W3C//DTD HTML 4.0//EN"" ""http://www.w3.org/TR/REC-html40/strict.dtd"">
<html><head><meta name=""qrichtext"" content=""1"" /><style type=""text/css"">
p, li { white-space: pre-wrap; }
</style></head><body style="" font-family:'.AppleSystemUIFont'; font-size:13pt; font-weight:400; font-style:normal;"">
<p style="" margin-top:0px; margin-bottom:0px; margin-left:0px; margin-right:0px; -qt-block-indent:0; text-indent:0px;""><a href=""https://waves-vagues.dfo-mpo.gc.ca/library-bibliotheque/40960791.pdf""><span style="" text-decoration: underline; color:#419cff;"">Link to Methods1</span></a></p></body></html>",NA,NA,~/Projects/gis/sern_peace_fwcp_2023/data_field/2025/form_edna_2025.gpkg,"c(1271019.37071039, 1061866.41630236)",577462,6038232
125000_us_ed1,Tributary to Parsnip River,Sample collected 8m upstream of the culvert inlet.,Riffle,2025-09-18T20:10:28Z,NA,0.1,LS AI ,NA,newgraph_airvine,newgraph_airvine,newgraph_airvine,171,Instream ,silica,10,NA,NA,1,Mce,NA,1.6,2025-09-18T20:22:02Z,NA,671,BT GR RB KO,NA,NA,NA,NA,NA,NA,NA,NA,Filtering was very slow so we stopped at 1.6L.,NA,NA,NA,NA,NA,NA,NA,NA,NA,ignore_mobile/photos/20250918_132035.jpg,ignore_mobile/photos/20250918_132042.jpg,ignore_mobile/photos/20250918_132039.jpg,ignore_mobile/photos/20250918_132047.jpg,Card,NA,NA,NA,NA,"<a href=""https://waves-vagues.dfo-mpo.gc.ca/library-bibliotheque/40960791.pdf"">Link to Methods1</a>",NA,NA,~/Projects/gis/sern_peace_fwcp_2023/data_field/2025/form_edna_2025.gpkg,"c(1271104.68238145, 1061838.24887713)",577546,6038200
57690_us_ed1,Tributary to Wichcika Creek,Sample collected 30-45m upstream of culvert on left bank.,Riffle,2025-09-18T21:28:57Z,NA,0.1,AI NJ,AI NJ,newgraph_airvine,newgraph_airvine,newgraph_airvine,172,Instream,silica,10,NA,NA,1,Mce,NA,NA,2025-09-18T21:31:23Z,NA,NA,BT GR RB KO,NA,NA,NA,NA,NA,NA,NA,NA, Habitat confirmation completed in 2019. Fish was observed upstream of the crossing then. Low flows enabled crossing the channel by stepping over wet sections.          ,NA,NA,NA,NA,NA,NA,NA,NA,NA,NA,NA,NA,NA,NA,NA,NA,NA,NA,"<a href=""https://waves-vagues.dfo-mpo.gc.ca/library-bibliotheque/40960791.pdf"">Link to Methods1</a>",NA,NA,~/Projects/gis/sern_peace_fwcp_2023/data_field/2025/form_edna_2025.gpkg,"c(1248295.69525382, 1068866.4623707)",555001,6046160
57696_ds_ed1,Tributary to Wichcika Creek,Sample collected approximately 70m downstream of the culvert on the left bank where riffle is entering 30cm deep pool.          ,Riffle,2025-09-18T23:01:15Z,NA,0.01,AI,NA,newgraph_airvine,newgraph_airvine,newgraph_airvine,173,Grab,silica,10,NA,NA,1,mce,NA,2,2025-09-19T05:38:02Z,NA,120,BT RB,FALSE,FALSE,FALSE,NA,6.9,323,8.5,NA,Access road was quite grown in for the last 1km so had to use the quad to access the site.  Sample taken from surface of the water to depth of bottle.,FALSE,FALSE,FALSE,FALSE,FALSE,NA,NA,NA,NA,ignore_mobile/photos/20250918_160413.jpg,ignore_mobile/photos/20250918_160415.jpg,ignore_mobile/photos/20250918_160416.jpg,ignore_mobile/photos/20250918_160420.jpg,Card,NA,NA,NA,NA,"<!DOCTYPE HTML PUBLIC ""-//W3C//DTD HTML 4.0//EN"" ""http://www.w3.org/TR/REC-html40/strict.dtd"">
<html><head><meta name=""qrichtext"" content=""1"" /><style type=""text/css"">
p, li { white-space: pre-wrap; }
</style></head><body style="" font-family:'.AppleSystemUIFont'; font-size:13pt; font-weight:400; font-style:normal;"">
<p style="" margin-top:0px; margin-bottom:0px; margin-left:0px; margin-right:0px; -qt-block-indent:0; text-indent:0px;""><a href=""https://waves-vagues.dfo-mpo.gc.ca/library-bibliotheque/40960791.pdf""><span style="" text-decoration: underline; color:#419cff;"">Link to Methods1</span></a></p></body></html>",NA,NA,~/Projects/gis/sern_peace_fwcp_2023/data_field/2025/form_edna_2025.gpkg,"c(1257737.51116796, 1060997.03237449)",564123,6037925
57696_us_ed1,Tributary to Wichcika Creek,Sample collected immediately upstream of the culvert.          ,Riffle,2025-09-18T23:18:38Z,NA,0.05,AI,AI,newgraph_airvine,newgraph_airvine,newgraph_airvine,174,Grab,silica,10,NA,NA,1,mce,NA,2,2025-09-19T05:27:07Z,NA,103,BT RB,FALSE,FALSE,FALSE,NA,NA,NA,NA,NA,Road was very grown in for a small section 1km from the site so quad was used to access the site.  A narrow scratched up bush truck could get here no problem at this point in time. See downstream site for water quality          ,FALSE,FALSE,FALSE,FALSE,FALSE,NA,NA,NA,NA,ignore_mobile/photos/20250918_162510.jpg,ignore_mobile/photos/20250918_162512.jpg,ignore_mobile/photos/20250918_162513.jpg,ignore_mobile/photos/20250918_162520.jpg,Card,ignore_mobile/photos/20250918_162910.jpg,Bottles,NA,NA,"<!DOCTYPE HTML PUBLIC ""-//W3C//DTD HTML 4.0//EN"" ""http://www.w3.org/TR/REC-html40/strict.dtd"">
<html><head><meta name=""qrichtext"" content=""1"" /><style type=""text/css"">
p, li { white-space: pre-wrap; }
</style></head><body style="" font-family:'.AppleSystemUIFont'; font-size:13pt; font-weight:400; font-style:normal;"">
<p style="" margin-top:0px; margin-bottom:0px; margin-left:0px; margin-right:0px; -qt-block-indent:0; text-indent:0px;""><a href=""https://waves-vagues.dfo-mpo.gc.ca/library-bibliotheque/40960791.pdf""><span style="" text-decoration: underline; color:#419cff;"">Link to Methods1</span></a></p></body></html>",NA,NA,~/Projects/gis/sern_peace_fwcp_2023/data_field/2025/form_edna_2025.gpkg,"c(1257786.45416675, 1061017.50930751)",564173,6037943
125000_ds_ed1a,NA,office blank poured into cleaned blank container before filtering session,NA,2025-09-19T04:18:54Z,NA,NA,NA,AI,newgraph_airvine,newgraph_airvine,newgraph_airvine,NA,Grab,silica,10,NA,NA,1,mce,NA,1,2025-09-19T04:20:15Z,NA,53,BT RB,FALSE,TRUE,FALSE,NA,NA,NA,NA,NA,office blank poured into cleaned blank container before filtering session,FALSE,FALSE,FALSE,FALSE,FALSE,NA,NA,NA,NA,NA,NA,NA,NA,NA,NA,NA,NA,NA,"<!DOCTYPE HTML PUBLIC ""-//W3C//DTD HTML 4.0//EN"" ""http://www.w3.org/TR/REC-html40/strict.dtd"">
<html><head><meta name=""qrichtext"" content=""1"" /><style type=""text/css"">
p, li { white-space: pre-wrap; }
</style></head><body style="" font-family:'.AppleSystemUIFont'; font-size:13pt; font-weight:400; font-style:normal;"">
<p style="" margin-top:0px; margin-bottom:0px; margin-left:0px; margin-right:0px; -qt-block-indent:0; text-indent:0px;""><a href=""https://waves-vagues.dfo-mpo.gc.ca/library-bibliotheque/40960791.pdf""><span style="" text-decoration: underline; color:#419cff;"">Link to Methods1</span></a></p></body></html>",NA,NA,~/Projects/gis/sern_peace_fwcp_2023/data_field/2025/form_edna_2025.gpkg,"c(1270989.24403497, 1061862.81536907)",577431,6038230
125194_ds_ed1b,,Office blank. ,NA,2025-09-19T06:19:38Z,NA,NA,NA,AI,newgraph_airvine,newgraph_airvine,newgraph_airvine,NA,NA,silica,10,NA,NA,0.45,Mce,NA,NA,NA,NA,65,BT RB,FALSE,TRUE,FALSE,NA,NA,NA,NA,NA,NA,FALSE,FALSE,FALSE,FALSE,FALSE,NA,NA,NA,NA,NA,NA,NA,NA,NA,NA,NA,NA,NA,"<!DOCTYPE HTML PUBLIC ""-//W3C//DTD HTML 4.0//EN"" ""http://www.w3.org/TR/REC-html40/strict.dtd"">
<html><head><meta name=""qrichtext"" content=""1"" /><style type=""text/css"">
p, li { white-space: pre-wrap; }
</style></head><body style="" font-family:'.AppleSystemUIFont'; font-size:13pt; font-weight:400; font-style:normal;"">
<p style="" margin-top:0px; margin-bottom:0px; margin-left:0px; margin-right:0px; -qt-block-indent:0; text-indent:0px;""><a href=""https://waves-vagues.dfo-mpo.gc.ca/library-bibliotheque/40960791.pdf""><span style="" text-decoration: underline; color:#419cff;"">Link to Methods1</span></a></p></body></html>",NA,NA,~/Projects/gis/sern_peace_fwcp_2023/data_field/2025/form_edna_2025.gpkg,"c(1256406.99054379, 1073567.13590991)",563324,6050501
198692_ds_ed1a,Tributary to Kerry Lake,Field blank done at location of actual site approximately 100 to 120 m downstream by the cover          ,NA,2025-09-19T17:15:33Z,NA,NA,LS AI,LS AI,newgraph_airvine,newgraph_airvine,newgraph_airvine,175,Instream ,Silica,10,NA,NA,1,Mce,NA,1,2025-09-19T17:17:29Z,NA,52,BT GR RB KO,TRUE,NA,NA,NA,6.1,189,7.8,NA,At same location  as downstream site,NA,NA,NA,NA,NA,NA,NA,NA,NA,ignore_mobile/photos/20250919_101939.jpg,ignore_mobile/photos/20250919_101944.jpg,ignore_mobile/photos/20250919_101946.jpg,ignore_mobile/photos/20250919_101959.jpg,NA,NA,NA,NA,NA,"<a href=""https://waves-vagues.dfo-mpo.gc.ca/library-bibliotheque/40960791.pdf"">Link to Methods1</a>",NA,NA,~/Projects/gis/sern_peace_fwcp_2023/data_field/2025/form_edna_2025.gpkg,"c(1204669.57909467, 1080248.34527538)",511794,6059335
198692_ds_ed1b,Tributary to Kerry Lake,Sample collected approximately 100 - 120m downstream of the culvert.,Pool,2025-09-19T17:27:39Z,NA,0.1,AI LS NJ RJ Tm,AI LS NJ RJ Tm,newgraph_airvine,newgraph_airvine,newgraph_airvine,176,Instream ,silica,10,NA,NA,1,Mce ,NA,2,2025-09-19T17:31:03Z,NA,137,BT GR RB KO,NA,NA,NA,NA,NA,NA,NA,NA,Field blank at same site ,TRUE,NA,NA,NA,NA,NA,NA,NA,NA,ignore_mobile/photos/20250919_103243.jpg,ignore_mobile/photos/20250919_103249.jpg,ignore_mobile/photos/20250919_103252.jpg,NA,NA,NA,NA,NA,NA,"<a href=""https://waves-vagues.dfo-mpo.gc.ca/library-bibliotheque/40960791.pdf"">Link to Methods1</a>",NA,NA,~/Projects/gis/sern_peace_fwcp_2023/data_field/2025/form_edna_2025.gpkg,"c(1204664.63037235, 1080251.17240871)",511789,6059338
198692_ds_ed2,Tributary to Kerry Lake,Sample collected within outlet pool at culvert.,NA,2025-09-19T17:38:45Z,NA,0.1,NA,NA,newgraph_airvine,newgraph_airvine,newgraph_airvine,NA,Instream,silica,10,NA,NA,1,Mce,NA,2,2025-09-19T17:53:37Z,NA,191,BT GR RB KO,NA,NA,NA,NA,NA,NA,NA,NA,NA,NA,NA,NA,NA,NA,NA,NA,NA,NA,ignore_mobile/photos/20250919_104021.jpg,ignore_mobile/photos/20250919_104023.jpg,ignore_mobile/photos/20250919_104025.jpg,ignore_mobile/photos/20250919_104028.jpg,Card,NA,NA,NA,NA,"<a href=""https://waves-vagues.dfo-mpo.gc.ca/library-bibliotheque/40960791.pdf"">Link to Methods1</a>",NA,NA,~/Projects/gis/sern_peace_fwcp_2023/data_field/2025/form_edna_2025.gpkg,"c(1204626.21251851, 1080217.50916702)",511749,6059306
198692_us_ed1,Tributary to Kerry Lake,Sample collected 25m upstream of culvert near top end of electrofishing site.,NA,2025-09-19T18:02:43Z,NA,0.1,NA,NA,newgraph_airvine,newgraph_airvine,newgraph_airvine,178,Instream,silica,10,NA,NA,1,Mce,NA,2,2025-09-19T18:04:20Z,NA,185,BT GR RB KO,NA,NA,NA,NA,NA,NA,NA,NA,NA,TRUE,NA,NA,NA,NA,NA,NA,NA,NA,ignore_mobile/photos/20250919_110559.jpg,ignore_mobile/photos/20250919_110601.jpg,ignore_mobile/photos/20250919_110603.jpg,ignore_mobile/photos/20250919_110606.jpg,Card,NA,NA,NA,NA,"<a href=""https://waves-vagues.dfo-mpo.gc.ca/library-bibliotheque/40960791.pdf"">Link to Methods1</a>",NA,NA,~/Projects/gis/sern_peace_fwcp_2023/data_field/2025/form_edna_2025.gpkg,"c(1204590.62702967, 1080212.51288632)",511714,6059302
199663_ds_ed1,Tributary to Parsnip River,Sample collected 15m downstream of culvert right bank.  Site was chosen close to the culvert because of the wetland that was just downstream of this area - and wanted some flow.  ,Riffle,2025-09-21T23:48:28Z,NA,0.1,AI,AI,newgraph_airvine,newgraph_airvine,newgraph_airvine,183,Instream,silica,10,NA,NA,1,Mce,NA,2,2025-09-22T00:13:34Z,NA,235,BT RB GR BB,NA,NA,NA,NA,7,310,8.2,NA,NA,NA,NA,NA,NA,NA,NA,NA,NA,NA,ignore_mobile/photos/20250921_165423.jpg,ignore_mobile/photos/20250921_165425.jpg,ignore_mobile/photos/20250921_165427.jpg,ignore_mobile/photos/20250921_165432.jpg,Card,NA,NA,NA,NA,"<a href=""https://waves-vagues.dfo-mpo.gc.ca/library-bibliotheque/40960791.pdf"">Link to Methods1</a>",NA,NA,~/Projects/gis/sern_peace_fwcp_2023/data_field/2025/form_edna_2025.gpkg,"c(1206776.44420618, 1116105.55213678)",515426,6094959
199663_us_ed1,Tributary to Parsnip River ,Sample collected 25m upstream of culvert inlet on the right bank,Riffle ,2025-09-22T00:58:24Z,NA,0.05,AI,AI,newgraph_airvine,newgraph_airvine,newgraph_airvine,185,Instream ,silica,10,NA,NA,1,Mce,NA,2.9,NA,NA,212,BT RB GR BB,NA,NA,NA,NA,NA,NA,NA,NA,See downstream site for water quality information          ,NA,TRUE,TRUE,NA,NA,NA,NA,NA,NA,ignore_mobile/photos/20250921_180127.jpg,ignore_mobile/photos/20250921_180129.jpg,ignore_mobile/photos/20250921_180131.jpg,ignore_mobile/photos/20250921_180134.jpg,Card,NA,NA,NA,NA,"<a href=""https://waves-vagues.dfo-mpo.gc.ca/library-bibliotheque/40960791.pdf"">Link to Methods1</a>",NA,NA,~/Projects/gis/sern_peace_fwcp_2023/data_field/2025/form_edna_2025.gpkg,"c(1206739.26034258, 1116157.78591232)",515391,6095013
15201563_ds_ed1b,Tributary to Nation River,Sample collected 350 - 400m downstream of culvert. Right bank. Accessed via historic road which is now wildlife trail.,Riffle,2025-09-22T20:23:29Z,2025-09-23T13:32:13Z,0.1,AI,AI,newgraph_airvine,newgraph_airvine,newgraph_airvine,187,Grab,Silica,10,NA,NA,1,Mce,NA,1.7,NA,NA,170,BT GR RB KO,FALSE,FALSE,FALSE,NA,6.5,188,7.5,NA,Grab sample at bottom end of habitat confirmation site and filtered at truck.  Although in dessicant - samples were accidentally left on kitchen counter overnight.             ,FALSE,TRUE,TRUE,FALSE,FALSE,NA,NA,NA,NA,ignore_mobile/photos/20250922_132732.jpg,ignore_mobile/photos/20250922_132733.jpg,ignore_mobile/photos/20250922_132734.jpg,ignore_mobile/photos/20250922_132737.jpg,Card,ignore_mobile/photos/20250922_144951.jpg,Sample,NA,NA,"<!DOCTYPE HTML PUBLIC ""-//W3C//DTD HTML 4.0//EN"" ""http://www.w3.org/TR/REC-html40/strict.dtd"">
<html><head><meta name=""qrichtext"" content=""1"" /><style type=""text/css"">
p, li { white-space: pre-wrap; }
</style></head><body style="" font-family:'.AppleSystemUIFont'; font-size:13pt; font-weight:400; font-style:normal;"">
<p style="" margin-top:0px; margin-bottom:0px; margin-left:0px; margin-right:0px; -qt-block-indent:0; text-indent:0px;""><a href=""https://waves-vagues.dfo-mpo.gc.ca/library-bibliotheque/40960791.pdf""><span style="" font-family:'Inter'; font-size:14px; text-decoration: underline; color:#007aff;"">Link to Methods1</span></a></p></body></html>",NA,NA,~/Projects/gis/sern_peace_fwcp_2023/data_field/2025/form_edna_2025.gpkg,"c(1116508.98936104, 1139746.94449089)",426038,6122331
15201563_ds_ed1a,Tributary to Nation River,Truck.  Field blank.,NA,2025-09-22T21:27:00Z,2025-09-23T13:32:18Z,NA,AI,AI,newgraph_airvine,newgraph_airvine,newgraph_airvine,NA,Instream,Silica,10,NA,NA,1,Mce,NA,0.75,NA,NA,55,BT GR RB KO,TRUE,FALSE,FALSE,NA,NA,NA,NA,NA,Only decontaminated the outside of the hose to be consistent with protocols to date. Field blank filtered on the tailgate of the truck with distilled water. Of note – much of the water used in past blanks was actually spring water and not distilled. Apparently neither is ideal however distilled is notably better. Primed sample tube with distilled water before sampling and left the pump running attached the housing. Although in desiccant - samples were accidentally left on kitchen counter overnight.,FALSE,FALSE,FALSE,FALSE,FALSE,NA,NA,NA,NA,ignore_mobile/photos/20250922_143844.jpg,NA,NA,ignore_mobile/photos/20250922_143854.jpg,Sample bag,ignore_mobile/photos/20250922_143905.jpg,Card,NA,NA,"<!DOCTYPE HTML PUBLIC ""-//W3C//DTD HTML 4.0//EN"" ""http://www.w3.org/TR/REC-html40/strict.dtd"">
<html><head><meta name=""qrichtext"" content=""1"" /><style type=""text/css"">
p, li { white-space: pre-wrap; }
</style></head><body style="" font-family:'.AppleSystemUIFont'; font-size:13pt; font-weight:400; font-style:normal;"">
<p style="" margin-top:0px; margin-bottom:0px; margin-left:0px; margin-right:0px; -qt-block-indent:0; text-indent:0px;""><a href=""https://waves-vagues.dfo-mpo.gc.ca/library-bibliotheque/40960791.pdf""><span style="" text-decoration: underline; color:#419cff;"">Link to Methods1</span></a></p></body></html>",NA,NA,~/Projects/gis/sern_peace_fwcp_2023/data_field/2025/form_edna_2025.gpkg,"c(1116443.6066299, 1140147.22952945)",425989,6122732
15201563_us_ed1,Tributary to Nation River,Sample collected 5m upstream of the culvert on the left bank          ,Riffle,2025-09-22T22:17:56Z,2025-09-23T13:29:53Z,0.1,AI,AI,newgraph_airvine,newgraph_airvine,newgraph_airvine,188,Inatream,Silica ,10,NA,NA,1,Mce,NA,2,2025-09-22T22:19:31Z,NA,204,BT GR RB KO,FALSE,FALSE,FALSE,NA,NA,NA,NA,NA,Sample hose not disinfected since downstream site.    See downstream site for water quality. Habitat confirmation completed.  Although in dessicant - samples were accidentally left on kitchen counter overnight.        ,FALSE,TRUE,TRUE,FALSE,FALSE,NA,NA,NA,NA,ignore_mobile/photos/20250922_152102.jpg,ignore_mobile/photos/20250922_152103.jpg,ignore_mobile/photos/20250922_152105.jpg,NA,NA,NA,NA,NA,NA,"<!DOCTYPE HTML PUBLIC ""-//W3C//DTD HTML 4.0//EN"" ""http://www.w3.org/TR/REC-html40/strict.dtd"">
<html><head><meta name=""qrichtext"" content=""1"" /><style type=""text/css"">
p, li { white-space: pre-wrap; }
</style></head><body style="" font-family:'.AppleSystemUIFont'; font-size:13pt; font-weight:400; font-style:normal;"">
<p style="" margin-top:0px; margin-bottom:0px; margin-left:0px; margin-right:0px; -qt-block-indent:0; text-indent:0px;""><a href=""https://waves-vagues.dfo-mpo.gc.ca/library-bibliotheque/40960791.pdf""><span style="" text-decoration: underline; color:#419cff;"">Link to Methods1</span></a></p></body></html>",NA,NA,~/Projects/gis/sern_peace_fwcp_2023/data_field/2025/form_edna_2025.gpkg,"c(1116412.28603399, 1140131.52901644)",425957,6122718
16401519_ds_ed1,Tributary to Williston Reservoir ,Sample collected 15m downstream of the culvert outlet on the right bank          ,Riffle,2025-09-23T21:20:00Z,NA,0.1,AI,NA,newgraph_airvine,newgraph_airvine,newgraph_airvine,202,Grab,Silica ,10,NA,NA,1,Mce,NA,NA,NA,NA,NA,BT GR RB KO,NA,NA,NA,NA,6.8,251,7.6,NA,NULL          ,NA,NA,NA,NA,NA,NA,NA,NA,NA,ignore_mobile/photos/20250923_142156.jpg,ignore_mobile/photos/20250923_142157.jpg,ignore_mobile/photos/20250923_142159.jpg,ignore_mobile/photos/20250923_142205.jpg,Card,NA,NA,NA,NA,"<a href=""https://waves-vagues.dfo-mpo.gc.ca/library-bibliotheque/40960791.pdf"">Link to Methods1</a>",NA,NA,~/Projects/gis/sern_peace_fwcp_2023/data_field/2025/form_edna_2025.gpkg,"c(1176705.12865507, 1144989.94636963)",486540,6124999
16401519_us_ed1,Tributary to Williston Reservoir ," Approximately 45 m upstream of culvert inlet on the left bank
",Riffle,2025-09-23T21:45:20Z,NA,0.1,AI,NA,newgraph_airvine,newgraph_airvine,newgraph_airvine,203,Instream,Silica ,10,NA,NA,1,Mce,NA,2,2025-09-23T21:47:09Z,NA,150,BT GR RB KO,NA,NA,NA,NA,NA,NA,NA,NA,"First sample of the day. Equipment was disinfected and rinsed the night before. Machine primed, and left running before filter put on and out during when filter was removed from hose. See downstream site for water quality info. Habitat confirmation assessment and culvert assessment also conducted.",NA,TRUE,TRUE,NA,NA,NA,NA,NA,NA,ignore_mobile/photos/20250923_144845.jpg,ignore_mobile/photos/20250923_144848.jpg,ignore_mobile/photos/20250923_144850.jpg,ignore_mobile/photos/20250923_144854.jpg,Card,NA,NA,NA,NA,"<a href=""https://waves-vagues.dfo-mpo.gc.ca/library-bibliotheque/40960791.pdf"">Link to Methods1</a>",NA,NA,~/Projects/gis/sern_peace_fwcp_2023/data_field/2025/form_edna_2025.gpkg,"c(1176647.58765071, 1144920.65314416)",486479,6124932
125261_us_ed1b,Fern Creek,Sample collected approximately 20m upstream of the road accessed from quad road located 15m east of the culvert. Can also access the site by just walking up left bank of stream for 15 - 20m.,Riffle,2025-09-18T00:06:31Z,NA,NA,AI LS,AI,newgraph_lschick,newgraph_lschick,newgraph_lschick,NA,Grab,Silica,10,NA,NA,1,Mce,NA,NA,NA,NA,317,BT GR RB KO,NA,NA,NA,NA,NA,NA,NA,NA,Second sample taken at site with grab bottle. Filtered at 9:45pm that night. ,NA,NA,NA,NA,NA,NA,NA,NA,NA,ignore_mobile/photos/20250917_171026.jpg,NA,NA,NA,NA,NA,NA,NA,NA,"<!DOCTYPE HTML PUBLIC ""-//W3C//DTD HTML 4.0//EN"" ""http://www.w3.org/TR/REC-html40/strict.dtd"">
<html><head><meta name=""qrichtext"" content=""1"" /><meta charset=""utf-8"" /><style type=""text/css"">
p, li { white-space: pre-wrap; }
hr { height: 1px; border-width: 0; }
li.unchecked::marker { content: ""\2610""; }
li.checked::marker { content: ""\2612""; }
</style></head><body style="" font-family:'Inter'; font-size:14px; font-weight:400; font-style:normal;"">
<p style="" margin-top:0px; margin-bottom:0px; margin-left:0px; margin-right:0px; -qt-block-indent:0; text-indent:0px;""><a href=""https://waves-vagues.dfo-mpo.gc.ca/library-bibliotheque/40960791.pdf""><span style="" text-decoration: underline; color:#007aff;"">Link to Methods1</span></a></p></body></html>",NA,NA,~/Projects/gis/sern_peace_fwcp_2023/data_field/2025/form_edna_2025.gpkg,"c(1227044.51085978, 1089667.01744701)",534601,6067772
199273_ds_ed1,Hankins Creek,Left bank approximately 8 m downstream of the culvert   Just upstream railway tressel bridge.       ,Riffle,2025-09-12T21:05:24Z,2025-09-12T21:21:56Z,0.1,AI Ls,NA,newgraph_airvine,newgraph_airvine,newgraph_airvine,149,Instream,Silica ,10,NA,NA,1,Mce,NA,1,2025-09-12T21:15:19Z,2025-09-12T21:22:02Z,394,"Ch,bt,co,sk ",NA,NA,NA,NA,7.9,202,8.55,NA,"Lots of glacial flour, very slow filtering. ",NA,NA,NA,NA,NA,NA,NA,NA,NA,ignore_mobile/photos/20250912_141731.jpg,ignore_mobile/photos/20250912_141734.jpg,ignore_mobile/photos/20250912_141736.jpg,ignore_mobile/photos/20250912_141744.jpg,Card,NA,NA,NA,NA,"<a href=""https://waves-vagues.dfo-mpo.gc.ca/library-bibliotheque/40960791.pdf"">Link to Methods1</a>",NA,NA,~/Projects/gis/sern_fraser_2024/data_field/2025/form_edna_2025.gpkg,"c(1390701.16594435, 933084.578471635)",691835,5904882
199237_ds_ed1,Snowshoe Creek,"Sample collected at the tail out of the outlet pool,  approximately 30m downstream of the culvert on the left bank          ",Riffle,2025-09-12T22:37:39Z,NA,0.1,LS AI,Ls AI,newgraph_airvine,newgraph_airvine,newgraph_airvine,150,Instream,Silica,10,NA,NA,1,Mce,NA,3,NA,NA,576,CH CO SK BT,NA,NA,NA,NA,9.5,156,8.2,NA,Lucy sampling with Al recording. Time was not stopped when reservoir was emptied for the last liter so filter time is not accurate.          ,NA,NA,NA,NA,NA,NA,NA,NA,NA,ignore_mobile/photos/20250912_154200.jpg,ignore_mobile/photos/20250912_154152.jpg,ignore_mobile/photos/20250912_154203.jpg,ignore_mobile/photos/20250912_154205.jpg,Card,NA,NA,NA,NA,"<a href=""https://waves-vagues.dfo-mpo.gc.ca/library-bibliotheque/40960791.pdf"">Link to Methods1</a>",NA,NA,~/Projects/gis/sern_fraser_2024/data_field/2025/form_edna_2025.gpkg,"c(1348509.95565605, 961436.494108193)",650793,5934921
199237_us_ed1,Snowshoe Creek ,Sample collected 5m upstream of culvert. Right bank.,Riffle,2025-09-12T23:00:03Z,2025-09-12T23:10:20Z,0.1,LS AI,Ls AI,newgraph_airvine,newgraph_airvine,newgraph_airvine,151,Instream,Silica,10,NA,NA,1,Mce,NA,3,NA,NA,345,CH CO SK BT,NA,NA,NA,NA,9.4,162,8.1,NA,"Lucy filtering. Al on notes
",NA,NA,NA,NA,NA,NA,NA,NA,NA,ignore_mobile/photos/20250912_160433.jpg,ignore_mobile/photos/20250912_160447.jpg,ignore_mobile/photos/20250912_160443.jpg,ignore_mobile/photos/20250912_160455.jpg,NA,NA,NA,NA,NA,"<!DOCTYPE HTML PUBLIC ""-//W3C//DTD HTML 4.0//EN"" ""http://www.w3.org/TR/REC-html40/strict.dtd"">
<html><head><meta name=""qrichtext"" content=""1"" /><meta charset=""utf-8"" /><style type=""text/css"">
p, li { white-space: pre-wrap; }
hr { height: 1px; border-width: 0; }
li.unchecked::marker { content: ""\2610""; }
li.checked::marker { content: ""\2612""; }
</style></head><body style="" font-family:'Inter'; font-size:14px; font-weight:400; font-style:normal;"">
<p style="" margin-top:0px; margin-bottom:0px; margin-left:0px; margin-right:0px; -qt-block-indent:0; text-indent:0px;""><a href=""https://waves-vagues.dfo-mpo.gc.ca/library-bibliotheque/40960791.pdf""><span style="" text-decoration: underline; color:#007aff;"">Link to Methods1</span></a></p></body></html>",NA,NA,~/Projects/gis/sern_fraser_2024/data_field/2025/form_edna_2025.gpkg,"c(1348498.43118393, 961344.806924831)",650777,5934830
24715757_ds_ed1,Snowshoe Creek ,Sample collected 8m downstream of bridge on Loos Road.,Riffle,2025-09-12T23:39:40Z,NA,0.1,AI,AI LS,newgraph_airvine,newgraph_airvine,newgraph_airvine,152,Grab,Silica ,10,NA,NA,0.1,Mce,NA,2.8,NA,NA,376,CH BT,NA,NA,NA,NA,10.4,233,8.29,NA,Shallow water so sample bottles not quite full. Filtered at truck at Driscoll Creek.,NA,NA,NA,NA,NA,NA,NA,NA,NA,ignore_mobile/photos/20250912_164325.jpg,ignore_mobile/photos/20250912_164326.jpg,ignore_mobile/photos/20250912_164328.jpg,ignore_mobile/photos/20250912_164331.jpg,Card,NA,NA,NA,NA,"<!DOCTYPE HTML PUBLIC ""-//W3C//DTD HTML 4.0//EN"" ""http://www.w3.org/TR/REC-html40/strict.dtd"">
<html><head><meta name=""qrichtext"" content=""1"" /><meta charset=""utf-8"" /><style type=""text/css"">
p, li { white-space: pre-wrap; }
hr { height: 1px; border-width: 0; }
li.unchecked::marker { content: ""\2610""; }
li.checked::marker { content: ""\2612""; }
</style></head><body style="" font-family:'Inter'; font-size:14px; font-weight:400; font-style:normal;"">
<p style="" margin-top:0px; margin-bottom:0px; margin-left:0px; margin-right:0px; -qt-block-indent:0; text-indent:0px;""><a href=""https://waves-vagues.dfo-mpo.gc.ca/library-bibliotheque/40960791.pdf""><span style="" text-decoration: underline; color:#007aff;"">Link to Methods1</span></a></p></body></html>",NA,NA,~/Projects/gis/sern_fraser_2024/data_field/2025/form_edna_2025.gpkg,"c(1346056.12533392, 968995.033718725)",648659,5942556
199267_ds_ed1,Driscoll creek ,Filtered roughly 15m downstream of outlet pool on right bank.  ,Riffle ,2025-09-13T00:01:12Z,NA,0.1,Ls,NA,newgraph_lschick,newgraph_lschick,newgraph_lschick,428,Instream,Silica ,10,NA,NA,1,Mce,NA,3,NA,NA,480,"Ch,co,bt,sk",NA,NA,NA,NA,8.7,323,8.33,NA,Filtered right hand small channel with good flow. ,NA,NA,NA,NA,NA,NA,NA,NA,NA,ignore_mobile/photos/20250912_172125.jpg,ignore_mobile/photos/20250912_172128.jpg,ignore_mobile/photos/20250912_172131.jpg,ignore_mobile/photos/20250912_172134.jpg,Card,NA,NA,NA,NA,"<a href=""https://waves-vagues.dfo-mpo.gc.ca/library-bibliotheque/40960791.pdf"">Link to Methods1</a>",NA,NA,~/Projects/gis/sern_fraser_2024/data_field/2025/form_edna_2025.gpkg,"c(1302927.12732849, 990520.312462164)",606383,5965821
199267_us_ed1b,Driscoll creek,Sample collected directly upstream of the culvert inlet below the beaver dam. River right side bank.,Riffle,2025-09-13T00:44:52Z,NA,0.1,Ls,LS,newgraph_lschick,newgraph_lschick,newgraph_lschick,NA,Instream,Silica ,10,NA,NA,1,Mce,NA,3,NA,NA,901,CH BT,NA,NA,NA,NA,8.7,323,8.3,NA,Time was not stopped when reservoir was emptied so time is not accurate.,NA,NA,NA,NA,NA,NA,NA,NA,NA,ignore_mobile/photos/20250912_175125.jpg,ignore_mobile/photos/20250912_175131.jpg,ignore_mobile/photos/20250912_175133.jpg,ignore_mobile/photos/20250912_175137.jpg,Card,NA,NA,NA,NA,"<a href=""https://waves-vagues.dfo-mpo.gc.ca/library-bibliotheque/40960791.pdf"">Link to Methods1</a>",NA,NA,~/Projects/gis/sern_fraser_2024/data_field/2025/form_edna_2025.gpkg,"c(1302922.23661069, 990452.16154888)",606375,5965753
199267_us_ed1a,Driscoll creek ,Blank taken with distilled water.           ,NA,2025-09-13T01:35:21Z,NA,NA,"Ls, ai","Ls, ai",newgraph_lschick,newgraph_lschick,newgraph_lschick,NA,Instream,Silica ,10,NA,NA,1,Mce,NA,1,NA,NA,45,CH BT CO RB ,TRUE,NA,NA,NA,NA,NA,NA,NA,NA,NA,NA,NA,NA,NA,NA,NA,NA,NA,ignore_mobile/photos/20250912_185032.jpg,ignore_mobile/photos/20250912_185034.jpg,ignore_mobile/photos/20250912_185037.jpg,ignore_mobile/photos/20250912_185040.jpg,Card,NA,NA,NA,NA,"<a href=""https://waves-vagues.dfo-mpo.gc.ca/library-bibliotheque/40960791.pdf"">Link to Methods1</a>",NA,NA,~/Projects/gis/sern_fraser_2024/data_field/2025/form_edna_2025.gpkg,"c(1303002.11582786, 990509.33502741)",606457,5965807
196076_ds_ed1a,Tributary to Fraser River ,20m upstream of railway culvert,NA,2025-09-24T22:40:36Z,NA,0.1,NA,NA,newgraph_airvine,newgraph_airvine,newgraph_airvine,NA,Grab,Silica,10,NA,NA,0.45,Mce,NA,1,2025-09-25T04:56:13Z,NA,363,CH CO BT RB,NA,NA,NA,NA,NA,NA,NA,NA,"Was originally named 19703295_us_ed1 but changed to match site ID of upstream crossing. Two samples taken at this site and filtered with different pore sizes, labelled A and B. This is sample A.",NA,TRUE,TRUE,NA,NA,NA,NA,NA,NA,ignore_mobile/photos/20250924_154243.jpg,ignore_mobile/photos/20250924_154245.jpg,ignore_mobile/photos/20250924_154247.jpg,ignore_mobile/photos/20250924_154250.jpg,Card,NA,NA,NA,NA,"<a href=""https://waves-vagues.dfo-mpo.gc.ca/library-bibliotheque/40960791.pdf"">Link to Methods1</a>",NA,NA,~/Projects/gis/sern_fraser_2024/data_field/2025/form_edna_2025.gpkg,"c(1222431.79192074, 1007134.69828964)",526477,5985766
196976_us_ed1,Tributary to Fraser River,10 m upstream of culvert inlet in pool. Too shallow to sample riffle soul sample top end of shallow pool. Right bank          ,Pool,2025-09-25T01:25:54Z,NA,0.1,AI,AI,newgraph_airvine,newgraph_airvine,newgraph_airvine,216,Instream,Silica,10,NA,NA,1,Mce,NA,2,2025-09-25T01:28:16Z,NA,180,CH BT CO RB ,NA,NA,NA,NA,7.2,502,7.6,NA,NA,NA,TRUE,TRUE,NA,NA,NA,NA,NA,NA,ignore_mobile/photos/20250924_183029.jpg,ignore_mobile/photos/20250924_183031.jpg,ignore_mobile/photos/20250924_183032.jpg,ignore_mobile/photos/20250924_183036.jpg,Card,NA,NA,NA,NA,"<a href=""https://waves-vagues.dfo-mpo.gc.ca/library-bibliotheque/40960791.pdf"">Link to Methods1</a>",NA,NA,~/Projects/gis/sern_fraser_2024/data_field/2025/form_edna_2025.gpkg,"c(1223387.60870587, 1006382.52236566)",527402,5984976
196076_ds_ed2a,Tributary to Fraser River,150m downstream of culvert on Beaver FSR upstream of first beaver dam (from culvert downstream).,Pool,2025-09-25T15:57:19Z,NA,0.1,NA,NA,newgraph_airvine,newgraph_airvine,newgraph_airvine,217,Instream,Silica ,10,NA,NA,1,Mce,NA,1.3,2025-09-25T16:28:56Z,NA,345,BT RB CH BB,NA,NA,NA,NA,6.2,549,7.2,NA,"Due to shallow water depths in riffle sections sample was taken at shallow pool at the top end near where flow was entering. Two samples taken.  Fish were observed downstream of the lowest beaver dam 500m from the Fraser River. Idea is to see if we detect fish upstream of dams but downstream of the FSR. Filtering was extremely slow, so a second filter was taken, see 196076_ds_ed2b. Took water quality again this morning because has been raining heavily so wanted to see if dilution was evident through conductivity which it appears it is approximately 10% less conductivity which could impact detection ability.      ",NA,TRUE,TRUE,NA,NA,NA,NA,NA,NA,ignore_mobile/photos/20250925_100203.jpg,ignore_mobile/photos/20250925_100205.jpg,ignore_mobile/photos/20250925_100207.jpg,ignore_mobile/photos/20250925_100210.jpg,Card,ignore_mobile/photos/20250925_100219.jpg,Volume ds2b,NA,NA,"<!DOCTYPE HTML PUBLIC ""-//W3C//DTD HTML 4.0//EN"" ""http://www.w3.org/TR/REC-html40/strict.dtd"">
<html><head><meta name=""qrichtext"" content=""1"" /><meta charset=""utf-8"" /><style type=""text/css"">
p, li { white-space: pre-wrap; }
hr { height: 1px; border-width: 0; }
li.unchecked::marker { content: ""\2610""; }
li.checked::marker { content: ""\2612""; }
</style></head><body style="" font-family:'Inter'; font-size:14px; font-weight:400; font-style:normal;"">
<p style="" margin-top:0px; margin-bottom:0px; margin-left:0px; margin-right:0px; -qt-block-indent:0; text-indent:0px;""><a href=""https://waves-vagues.dfo-mpo.gc.ca/library-bibliotheque/40960791.pdf""><span style="" text-decoration: underline; color:#007aff;"">Link to Methods1</span></a></p></body></html>",NA,NA,~/Projects/gis/sern_fraser_2024/data_field/2025/form_edna_2025.gpkg,"c(1223287.60525501, 1006533.59876325)",527308,5985131
196085_ds_ed1,Tabor Creek,Sample collected approximately 400m downstream with culvert on left bank at pool Inlet.         ,Riffle ,2025-09-25T20:54:47Z,NA,0.1,AI,AI,newgraph_airvine,newgraph_airvine,newgraph_airvine,219,Grab,Silica ,10,NA,NA,1,Mce,NA,NA,NA,NA,NA,CH SK BT BB,FALSE,FALSE,FALSE,NA,8.6,497,7.6,NA, Fish observed upstream approximately 100m downstream of culvert.           ,FALSE,TRUE,FALSE,FALSE,FALSE,NA,NA,NA,NA,ignore_mobile/photos/20250925_135758.jpg,ignore_mobile/photos/20250925_135759.jpg,ignore_mobile/photos/20250925_135801.jpg,ignore_mobile/photos/20250925_135803.jpg,Card,NA,NA,NA,NA,"<!DOCTYPE HTML PUBLIC ""-//W3C//DTD HTML 4.0//EN"" ""http://www.w3.org/TR/REC-html40/strict.dtd"">
<html><head><meta name=""qrichtext"" content=""1"" /><style type=""text/css"">
p, li { white-space: pre-wrap; }
</style></head><body style="" font-family:'.AppleSystemUIFont'; font-size:13pt; font-weight:400; font-style:normal;"">
<p style="" margin-top:0px; margin-bottom:0px; margin-left:0px; margin-right:0px; -qt-block-indent:0; text-indent:0px;""><a href=""https://waves-vagues.dfo-mpo.gc.ca/library-bibliotheque/40960791.pdf""><span style="" text-decoration: underline; color:#0080ff;"">Link to Methods1</span></a></p></body></html>",NA,NA,~/Projects/gis/sern_fraser_2024/data_field/2025/form_edna_2025.gpkg,"c(1215184.64977389, 982963.415070181)",518192,5961997
196085_us_ed1a,Tabor Creek, Sample collected 30m upstream of FSR/culvert inlet on the right bank. ,Pool,2025-09-25T22:48:21Z,NA,0.1,AI,AI,newgraph_airvine,newgraph_airvine,newgraph_airvine,220,Instream,Silica ,10,NA,NA,1,Mce,100,1,2025-09-25T22:50:53Z,NA,652,BT CH RB BB,FALSE,FALSE,FALSE,NA,NA,NA,NA,NA,Fish observed in the same pool that was sampled. Could not sample riffle as there was standing water only.  This sample was instream filtration. ,FALSE,FALSE,FALSE,FALSE,FALSE,NA,NA,NA,NA,ignore_mobile/photos/20250925_155021.jpg,ignore_mobile/photos/20250925_155024.jpg,ignore_mobile/photos/20250925_155025.jpg,ignore_mobile/photos/20250925_155027.jpg,Card,ignore_mobile/photos/20250925_155757.jpg,Bottle,NA,NA,"<!DOCTYPE HTML PUBLIC ""-//W3C//DTD HTML 4.0//EN"" ""http://www.w3.org/TR/REC-html40/strict.dtd"">
<html><head><meta name=""qrichtext"" content=""1"" /><style type=""text/css"">
p, li { white-space: pre-wrap; }
</style></head><body style="" font-family:'.AppleSystemUIFont'; font-size:13pt; font-weight:400; font-style:normal;"">
<p style="" margin-top:0px; margin-bottom:0px; margin-left:0px; margin-right:0px; -qt-block-indent:0; text-indent:0px;""><a href=""https://waves-vagues.dfo-mpo.gc.ca/library-bibliotheque/40960791.pdf""><span style="" font-family:'Inter'; font-size:14px; text-decoration: underline; color:#0984ff;"">Link to Methods1</span></a></p></body></html>",NA,NA,~/Projects/gis/sern_fraser_2024/data_field/2025/form_edna_2025.gpkg,"c(1215510.37816772, 982979.912077292)",518519,5961999
19703257_us_ed1a,Tabor Creek,Sample collected 360m upstream of the railway culverts. Sampled from right bank. Site is adjacent to large slumping clay bank. There are numerous fish in this first pool since extensive dewatering which started just above the Forest service road.          ,Pool,2025-09-26T01:11:41Z,NA,0.1,AI,AI,newgraph_airvine,newgraph_airvine,newgraph_airvine,226,Grab,Silica,10,NA,NA,1,Mce,NA,0.5,2025-09-26T05:29:24Z,NA,540,CH SK RB BT,FALSE,FALSE,FALSE,NA,NA,NA,NA,NA,First sample collected.,FALSE,TRUE,TRUE,FALSE,FALSE,NA,NA,NA,NA,ignore_mobile/photos/20250925_181344.jpg,ignore_mobile/photos/20250925_181346.jpg,ignore_mobile/photos/20250925_181348.jpg,ignore_mobile/photos/20250925_181351.jpg,Card,NA,NA,NA,NA,"<!DOCTYPE HTML PUBLIC ""-//W3C//DTD HTML 4.0//EN"" ""http://www.w3.org/TR/REC-html40/strict.dtd"">
<html><head><meta name=""qrichtext"" content=""1"" /><style type=""text/css"">
p, li { white-space: pre-wrap; }
</style></head><body style="" font-family:'.AppleSystemUIFont'; font-size:13pt; font-weight:400; font-style:normal;"">
<p style="" margin-top:0px; margin-bottom:0px; margin-left:0px; margin-right:0px; -qt-block-indent:0; text-indent:0px;""><a href=""https://waves-vagues.dfo-mpo.gc.ca/library-bibliotheque/40960791.pdf""><span style="" text-decoration: underline; color:#0080ff;"">Link to Methods1</span></a></p></body></html>",NA,NA,~/Projects/gis/sern_fraser_2024/data_field/2025/form_edna_2025.gpkg,"c(1216039.82444457, 983106.027706381)",519055,5962102
196976_ds_ed3,NA,NA,NA,2025-09-26T05:59:33Z,NA,NA,AI,AI,newgraph_airvine,newgraph_airvine,newgraph_airvine,NA,NA,Silica ,10,NA,NA,0.45,Mce,NA,0.25,2025-09-26T06:00:40Z,NA,90,CH RB BT BB,NA,TRUE,NA,NA,NA,NA,NA,NA,Blank at end of office session. Filter time is estimate          ,NA,NA,NA,NA,NA,NA,NA,NA,NA,ignore_mobile/photos/20250925_230157.jpg,NA,NA,NA,NA,NA,NA,NA,NA,"<a href=""https://waves-vagues.dfo-mpo.gc.ca/library-bibliotheque/40960791.pdf"">Link to Methods1</a>",NA,NA,~/Projects/gis/sern_fraser_2024/data_field/2025/form_edna_2025.gpkg,"c(1207688.88585709, 999469.15114132)",511387,5978753
199190_ds_ed1,Creek Creek,Sample collected on the left bank approximately 55m downstream of hwy culvert. Access from highway.,Pool,2025-09-26T19:18:29Z,NA,0.1,AI SC,AI SC,newgraph_airvine,newgraph_airvine,newgraph_airvine,227,Instream,Silica,10,NA,NA,1,Mce,NA,2,2025-09-26T19:20:49Z,NA,129,CH SK RB BT,NA,NA,NA,NA,4.4,339,7.5,NA,NA,NA,NA,NA,NA,NA,NA,NA,NA,NA,ignore_mobile/photos/20250926_122419.jpg,ignore_mobile/photos/20250926_122421.jpg,ignore_mobile/photos/20250926_122423.jpg,ignore_mobile/photos/20250926_122426.jpg,Card,NA,NA,NA,NA,"<a href=""https://waves-vagues.dfo-mpo.gc.ca/library-bibliotheque/40960791.pdf"">Link to Methods1</a>",NA,NA,~/Projects/gis/sern_fraser_2024/data_field/2025/form_edna_2025.gpkg,"c(1121465.78334918, 1013144.71757929)",425620,5996019
199190_us_ed1,Creek Creek,Sample collected approximately 30m upstream of culvert inlet under the highway on right bank          ,Riffle,2025-09-26T20:00:11Z,NA,0.1,AI SC,AI SC,newgraph_airvine,newgraph_airvine,newgraph_airvine,228,Instream,Silica,10,NA,NA,1,Mce,NA,2,2025-09-26T20:02:16Z,NA,119,CH BT CO RB ,NA,NA,NA,NA,4.4,339,7.5,NA,NA,NA,NA,NA,NA,NA,NA,NA,NA,NA,ignore_mobile/photos/20250926_130343.jpg,ignore_mobile/photos/20250926_130346.jpg,ignore_mobile/photos/20250926_130347.jpg,ignore_mobile/photos/20250926_130349.jpg,Card,NA,NA,NA,NA,"<a href=""https://waves-vagues.dfo-mpo.gc.ca/library-bibliotheque/40960791.pdf"">Link to Methods1</a>",NA,NA,~/Projects/gis/sern_fraser_2024/data_field/2025/form_edna_2025.gpkg,"c(1121403.11550074, 1013297.81827763)",425564,5996174
199173_ds_ed1,Tributary to Nechako River,Sample collected 30m downstream of culvert (Dog Creek Road). Right bank,Riffle,2025-09-26T21:27:54Z,NA,0.1,AI,ai,newgraph_airvine,newgraph_airvine,newgraph_airvine,229,Instream,Silica,10,NA,NA,1,Mce,1,1,NA,NA,246,CH CO BT RB,NA,NA,NA,NA,5.1,347,7.5,NA,May have bumped bottom and may have been slightly turbid.,NA,NA,NA,NA,NA,NA,NA,NA,NA,ignore_mobile/photos/20250926_143735.jpg,ignore_mobile/photos/20250926_143737.jpg,ignore_mobile/photos/20250926_143738.jpg,ignore_mobile/photos/20250926_143741.jpg,Card,NA,NA,NA,NA,"<a href=""https://waves-vagues.dfo-mpo.gc.ca/library-bibliotheque/40960791.pdf"">Link to Methods1</a>",NA,NA,~/Projects/gis/sern_fraser_2024/data_field/2025/form_edna_2025.gpkg,"c(1094831.94075097, 1012338.46539638)",398911,5996344
199173_us_ed1,Tributary to Nechako River, Approximately 45 m upstream of culvert under dog Creek Road right bank. ,Riffle ,2025-09-26T22:01:22Z,NA,0.1,AI,AI ,newgraph_airvine,newgraph_airvine,newgraph_airvine,230,Instream ,Silica,10,NA,NA,1,Mce,NA,1,2025-09-26T22:06:11Z,NA,260,CH CO BT RB,NA,NA,TRUE,NA,NA,NA,NA,NA,Fry observed where water was sampled. See downstream site for water quality information                    ,NA,NA,NA,NA,NA,NA,NA,NA,NA,ignore_mobile/photos/20250926_150733.jpg,ignore_mobile/photos/20250926_150735.jpg,ignore_mobile/photos/20250926_150736.jpg,ignore_mobile/photos/20250926_150740.jpg,Card,NA,NA,NA,NA,"<a href=""https://waves-vagues.dfo-mpo.gc.ca/library-bibliotheque/40960791.pdf"">Link to Methods1</a>",NA,NA,~/Projects/gis/sern_fraser_2024/data_field/2025/form_edna_2025.gpkg,"c(1094837.05360265, 1012383.12584902)",398918,5996388
199174_us_ed1,Tributary to Nechako River,"Sample collected under the bridge on Williams FSR, at PSCIS site 199332. ",NA,2025-09-26T22:30:24Z,NA,0.1,NA,NA,newgraph_airvine,newgraph_airvine,newgraph_airvine,NA,Instream ,Silica,10,NA,NA,1,Mce,NA,1.3,NA,NA,300,CH RB CO BT,NA,NA,NA,NA,NA,NA,NA,NA,Difficult time getting good seal and ended up touching housing with bare hand. Had sampled downstream before so if CH turns up as positive will need to view with caution and resample.,NA,NA,NA,NA,NA,NA,NA,NA,NA,ignore_mobile/photos/20250926_155021.jpg,ignore_mobile/photos/20250926_155023.jpg,ignore_mobile/photos/20250926_155024.jpg,ignore_mobile/photos/20250926_155027.jpg,Card,NA,NA,NA,NA,"<a href=""https://waves-vagues.dfo-mpo.gc.ca/library-bibliotheque/40960791.pdf"">Link to Methods1</a>",NA,NA,~/Projects/gis/sern_fraser_2024/data_field/2025/form_edna_2025.gpkg,"c(1092002.24691323, 1013597.97951529)",396131,5997719
199171_ds_ed1,Tributary to Fraser Lake,Immediately upstream of control of outlet pool below Gala Bay Road culvert. right bank.,Pool,2025-09-26T23:23:45Z,NA,0.1,AI,AI,newgraph_airvine,newgraph_airvine,newgraph_airvine,231,Instream,Silica,10,NA,NA,1,Mce,NA,2,NA,NA,195,CH SK RB BT,NA,NA,NA,NA,5.5,336,7.7,NA,Could not sample downstream as too shallow.,NA,NA,NA,NA,NA,NA,NA,NA,NA,ignore_mobile/photos/20250926_162737.jpg,ignore_mobile/photos/20250926_162739.jpg,ignore_mobile/photos/20250926_162740.jpg,ignore_mobile/photos/20250926_162742.jpg,Card,NA,NA,NA,NA,"<a href=""https://waves-vagues.dfo-mpo.gc.ca/library-bibliotheque/40960791.pdf"">Link to Methods1</a>",NA,NA,~/Projects/gis/sern_fraser_2024/data_field/2025/form_edna_2025.gpkg,"c(1084885.15152961, 1012561.07804979)",388958,5996987
199171_us_ed1,Tributary to Fraser Lake,Sample collected 30m upstream of Gala Bay Rd./Culvert on the left bank.          ,Riffle,2025-09-26T23:44:19Z,NA,0.1,AI,AI,newgraph_airvine,newgraph_airvine,newgraph_airvine,232,Instream ,Silica ,10,NA,NA,1,Mce,NA,2,NA,NA,204,CH SK BT RB,NA,NA,NA,NA,NA,NA,NA,NA,NA,NA,NA,NA,NA,NA,NA,NA,NA,NA,ignore_mobile/photos/20250926_164704.jpg,ignore_mobile/photos/20250926_164706.jpg,ignore_mobile/photos/20250926_164707.jpg,ignore_mobile/photos/20250926_164711.jpg,NA,NA,NA,NA,NA,"<a href=""https://waves-vagues.dfo-mpo.gc.ca/library-bibliotheque/40960791.pdf"">Link to Methods1</a>",NA,NA,~/Projects/gis/sern_fraser_2024/data_field/2025/form_edna_2025.gpkg,"c(1084853.12548862, 1012577.01188117)",388927,5997005
196209_us_ed1,Bittner Creek ,"Sample cpllected 40m upstream of Foreman Rd.  bridge,  on the left bank.        ",Riffle,2025-10-04T23:50:38Z,NA,0.1,AI,AI,newgraph_airvine,newgraph_airvine,newgraph_airvine,258,Instream ,Silica ,10,NA,NA,1,Mce,NA,2,2025-10-05T00:00:38Z,NA,205,CH CO SK BT,FALSE,FALSE,FALSE,NA,7.4,502,7.2,NA,NA,FALSE,FALSE,FALSE,FALSE,FALSE,NA,NA,NA,NA,ignore_mobile/photos/20251004_170124.jpg,ignore_mobile/photos/20251004_170130.jpg,ignore_mobile/photos/20251004_170131.jpg,ignore_mobile/photos/20251004_170134.jpg,NA,NA,NA,NA,NA,"<!DOCTYPE HTML PUBLIC ""-//W3C//DTD HTML 4.0//EN"" ""http://www.w3.org/TR/REC-html40/strict.dtd"">
<html><head><meta name=""qrichtext"" content=""1"" /><style type=""text/css"">
p, li { white-space: pre-wrap; }
</style></head><body style="" font-family:'.AppleSystemUIFont'; font-size:13pt; font-weight:400; font-style:normal;"">
<p style="" margin-top:0px; margin-bottom:0px; margin-left:0px; margin-right:0px; -qt-block-indent:0; text-indent:0px;""><a href=""https://waves-vagues.dfo-mpo.gc.ca/library-bibliotheque/40960791.pdf""><span style="" text-decoration: underline; color:#0080ff;"">Link to Methods1</span></a></p></body></html>",NA,NA,~/Projects/gis/sern_fraser_2024/data_field/2025/form_edna_2025.gpkg,"c(1217931.82462256, 997348.874251809)",521555,5976209
24403467_ds_ed1,Tributary to Willow River ,"Sample collected 55m downstream of the culvert on the Willow FSR, on the right bank after harpin corner.          ",Riffle ,2025-10-05T17:32:10Z,2025-10-06T06:40:22Z,0.1,AI,AI,newgraph_airvine,newgraph_airvine,newgraph_airvine,260,Instream ,Silica ,10,NA,NA,1,Mce,NA,1.4,NA,NA,369,CH BT CO RB ,NA,NA,NA,NA,4.3,119,6.8,NA,NA,NA,NA,TRUE,NA,NA,NA,NA,NA,NA,ignore_mobile/photos/20251005_103502.jpg,ignore_mobile/photos/20251005_103504.jpg,ignore_mobile/photos/20251005_103505.jpg,ignore_mobile/photos/20251005_103508.jpg,Card,NA,NA,NA,NA,"<a href=""https://waves-vagues.dfo-mpo.gc.ca/library-bibliotheque/40960791.pdf"">Link to Methods1</a>",NA,NA,~/Projects/gis/sern_fraser_2024/data_field/2025/form_edna_2025.gpkg,"c(1269049.36140578, 949011.700929743)",570686,5925902
126158_ds_ed1,Tributary to Stony Lake,Sampled collected 240m downstream of the culvert on the Willow FSR on the right bank. Walked down from the road on the left of the stream.          ,Riffle,2025-10-05T19:14:57Z,NA,0.05,AI,NA,newgraph_airvine,newgraph_airvine,newgraph_airvine,263,Grab,Silica ,10,NA,NA,1,Mce,NA,1.9,2025-10-06T06:38:17Z,NA,177,CH CO BT RB,NA,NA,NA,NA,3.1,79,7.4,NA,Two bottles collected at the beginning of habitat assessment. Minor uncertainty that upstream and downstream samples may be switched however fairly confident they are correct but watch for weird results.          ,NA,TRUE,NA,NA,NA,NA,NA,NA,NA,ignore_mobile/photos/20251005_121725.jpg,ignore_mobile/photos/20251005_121727.jpg,ignore_mobile/photos/20251005_121728.jpg,ignore_mobile/photos/20251005_121731.jpg,NA,NA,NA,NA,NA,"<a href=""https://waves-vagues.dfo-mpo.gc.ca/library-bibliotheque/40960791.pdf"">Link to Methods1</a>",NA,NA,~/Projects/gis/sern_fraser_2024/data_field/2025/form_edna_2025.gpkg,"c(1276092.19867896, 941897.235605146)",577435,5918517
126158_us_ed1,Tributary to Stony Lake,Sample collected 3m upstream of the culvert inlet on the left bank.,Riffle,2025-10-05T19:58:17Z,2025-10-06T06:39:47Z,0.05,AI,AI,newgraph_airvine,newgraph_airvine,newgraph_airvine,264,Grab,Silica ,10,NA,NA,1,Mce,NA,1.9,2025-10-06T06:39:33Z,NA,206,CH CO BT RB,NA,NA,TRUE,NA,NA,NA,NA,NA,Fish observed in pool upstream of sample site approximately 100m. Minor uncertainty that upstream and downstream samples may be switched however fairly confident they are correct but watch for weird results.,NA,TRUE,NA,NA,NA,NA,NA,NA,NA,ignore_mobile/photos/20251005_130000.jpg,ignore_mobile/photos/20251005_130001.jpg,ignore_mobile/photos/20251005_130003.jpg,ignore_mobile/photos/20251005_130006.jpg,NA,NA,NA,NA,NA,"<a href=""https://waves-vagues.dfo-mpo.gc.ca/library-bibliotheque/40960791.pdf"">Link to Methods1</a>",NA,NA,~/Projects/gis/sern_fraser_2024/data_field/2025/form_edna_2025.gpkg,"c(1276294.99134387, 941981.170323368)",577641,5918592
126349_ds_ed1,Tributary to Cameron Lake,"Sample collected 70m downstream of culvert on Ketcham FSR, on the left bank.",Riffle,2025-10-05T21:54:27Z,NA,0.05,NA,NA,newgraph_airvine,newgraph_airvine,newgraph_airvine,NA,Grab,Silica,10,NA,NA,1,Mce,NA,NA,2025-10-06T06:37:22Z,NA,NA,BT RB,NA,NA,NA,NA,3.4,39,7,NA,Very difficult travel to get down to site on left bank. Forgot to take the filter time          ,NA,NA,NA,NA,NA,NA,NA,NA,NA,ignore_mobile/photos/20251005_150027.jpg,ignore_mobile/photos/20251005_150029.jpg,ignore_mobile/photos/20251005_150031.jpg,ignore_mobile/photos/20251005_150034.jpg,Card,NA,NA,NA,NA,"<a href=""https://waves-vagues.dfo-mpo.gc.ca/library-bibliotheque/40960791.pdf"">Link to Methods1</a>",NA,NA,~/Projects/gis/sern_fraser_2024/data_field/2025/form_edna_2025.gpkg,"c(1273730.42998363, 929921.51338543)",574558,5906687
196332_ds_ed1,S. Yuzkli Creek,220m downstream of culvert on 24 Y Road. Left bank.,NA,2025-10-05T22:51:36Z,NA,0.05,AI,AI,newgraph_airvine,newgraph_airvine,newgraph_airvine,NA,Grab,Silica ,10,NA,NA,1,Mce,NA,1.9,2025-10-06T06:35:51Z,NA,136,BT RB,NA,NA,NA,NA,2.3,116,7.2,NA,Tons of huckleberries on way down through riparian.,NA,TRUE,NA,NA,NA,NA,NA,NA,NA,ignore_mobile/photos/20251005_155334.jpg,ignore_mobile/photos/20251005_155337.jpg,ignore_mobile/photos/20251005_155338.jpg,ignore_mobile/photos/20251005_155341.jpg,Card,NA,NA,NA,NA,"<a href=""https://waves-vagues.dfo-mpo.gc.ca/library-bibliotheque/40960791.pdf"">Link to Methods1</a>",NA,NA,~/Projects/gis/sern_fraser_2024/data_field/2025/form_edna_2025.gpkg,"c(1277812.85533815, 918670.410310346)",578166,5895305
196332_us_ed1,S. Yuzkli Creek,Immediately upstream of culvert on 24 Y Road. Left bank.,Riffle,2025-10-06T00:04:29Z,2025-10-06T06:36:17Z,0.05,AI,AI,newgraph_airvine,newgraph_airvine,newgraph_airvine,266,Grab,Silica ,10,NA,NA,1,Mce,NA,1.9,2025-10-06T06:36:39Z,NA,183,BT RB,NA,NA,NA,NA,NA,NA,NA,NA,NA,NA,TRUE,NA,NA,NA,NA,NA,NA,NA,ignore_mobile/photos/20251005_170614.jpg,ignore_mobile/photos/20251005_170616.jpg,ignore_mobile/photos/20251005_170618.jpg,ignore_mobile/photos/20251005_170620.jpg,Card,NA,NA,NA,NA,"<a href=""https://waves-vagues.dfo-mpo.gc.ca/library-bibliotheque/40960791.pdf"">Link to Methods1</a>",NA,NA,~/Projects/gis/sern_fraser_2024/data_field/2025/form_edna_2025.gpkg,"c(1277923.20727663, 918484.043685382)",578268,5895115
20251005_us_ed1,NA,NA,NA,2025-10-06T06:30:50Z,NA,NA,NA,AI,newgraph_airvine,newgraph_airvine,newgraph_airvine,NA,NA,Silica ,10,NA,NA,1.5,Fibreglass,NA,0.6,2025-10-06T06:32:06Z,NA,23,BT CH CO RB,NA,TRUE,NA,NA,NA,NA,NA,NA,"Filtered after 196932 upstream and before the rest of the samples done at the office, including tributary to Cameron to Stoney tributary to Willow          ",NA,NA,NA,NA,NA,NA,NA,NA,NA,ignore_mobile/photos/20251005_233319.jpg,NA,NA,NA,NA,NA,NA,NA,NA,"<a href=""https://waves-vagues.dfo-mpo.gc.ca/library-bibliotheque/40960791.pdf"">Link to Methods1</a>",NA,NA,~/Projects/gis/sern_fraser_2024/data_field/2025/form_edna_2025.gpkg,"c(1237371.69032777, 884992.583006224)",536240,5863464
20251005_ds_ed,NA,NA,NA,2025-10-06T06:33:28Z,NA,NA,NA,AI,newgraph_airvine,newgraph_airvine,newgraph_airvine,NA,NA,Silica,10,NA,NA,1,Mce,NA,0.6,2025-10-06T06:34:12Z,NA,NA,CH CO BT RB,NA,TRUE,NA,NA,NA,NA,NA,NA,Filtered after all other samples have been processed on October 5          ,NA,NA,NA,NA,NA,NA,NA,NA,NA,ignore_mobile/photos/20251005_233446.jpg,NA,NA,NA,NA,NA,NA,NA,NA,"<a href=""https://waves-vagues.dfo-mpo.gc.ca/library-bibliotheque/40960791.pdf"">Link to Methods1</a>",NA,NA,~/Projects/gis/sern_fraser_2024/data_field/2025/form_edna_2025.gpkg,"c(1237367.43605646, 884987.396096359)",536235,5863459
19703257_us_ed1b,Tabor Creek,Sample collected 360m upstream of the railway culverts. Sampled from right bank. Site is adjacent to large slumping clay bank. There are numerous fish in this first pool since extensive dewatering which started just above the Forest service road.          ,Pool,2025-10-10T19:46:15Z,NA,0.1,AI,AI,newgraph_airvine,newgraph_airvine,newgraph_airvine,226,Grab,Silica,10,NA,NA,1.5,Mce,NA,0.8,NA,NA,279,CH SK RB BT,FALSE,FALSE,FALSE,NA,NA,NA,NA,NA,Second sample collected. ,FALSE,FALSE,FALSE,FALSE,FALSE,NA,NA,NA,NA,NA,NA,NA,NA,NA,NA,NA,NA,NA,"<!DOCTYPE HTML PUBLIC ""-//W3C//DTD HTML 4.0//EN"" ""http://www.w3.org/TR/REC-html40/strict.dtd"">
<html><head><meta name=""qrichtext"" content=""1"" /><style type=""text/css"">
p, li { white-space: pre-wrap; }
</style></head><body style="" font-family:'.AppleSystemUIFont'; font-size:13pt; font-weight:400; font-style:normal;"">
<p style="" margin-top:0px; margin-bottom:0px; margin-left:0px; margin-right:0px; -qt-block-indent:0; text-indent:0px;""><a href=""https://waves-vagues.dfo-mpo.gc.ca/library-bibliotheque/40960791.pdf""><span style="" text-decoration: underline; color:#419cff;"">Link to Methods1</span></a></p></body></html>",NA,NA,~/Projects/gis/sern_fraser_2024/data_field/2025/form_edna_2025.gpkg,"c(1216102.74917161, 983108.057536287)",519118,5962102
196076_ds_ed1b,Tributary to Fraser River ,20m upstream of railway culvert,NA,2025-09-24T22:40:36Z,NA,0.1,NA,NA,newgraph_airvine,newgraph_airvine,newgraph_airvine,NA,Grab,Silica,10,NA,NA,1.5,Mce,NA,1,2025-09-25T04:56:13Z,NA,45,CH CO BT RB,NA,NA,NA,NA,NA,NA,NA,NA,"Was originally named 19703295_us_ed1 but changed to match site ID of upstream crossing. Two samples taken at this site and filtered with different pore sizes, labelled A and B. This is sample B.",NA,TRUE,TRUE,NA,NA,NA,NA,NA,NA,ignore_mobile/photos/20250924_154243.jpg,ignore_mobile/photos/20250924_154245.jpg,ignore_mobile/photos/20250924_154247.jpg,NA,NA,NA,NA,NA,NA,"<a href=""https://waves-vagues.dfo-mpo.gc.ca/library-bibliotheque/40960791.pdf"">Link to Methods1</a>",NA,NA,~/Projects/gis/sern_fraser_2024/data_field/2025/form_edna_2025.gpkg,"c(1222431.79192074, 1007134.69828964)",526477,5985766
196076_ds_ed2b,Tributary to Fraser River,150m downstream of culvert on Beaver FSR upstream of first beaver dam (from culvert downstream).,Pool,2025-09-25T15:57:19Z,NA,0.1,NA,NA,newgraph_airvine,newgraph_airvine,newgraph_airvine,217,Instream,Silica ,10,NA,NA,1,Mce,NA,1.6,2025-09-25T16:28:56Z,NA,346,BT RB CH BB,NA,NA,NA,NA,6.2,549,7.2,NA,Due to shallow water depths in riffle sections sample was taken at shallow pool at the top end near where flow was entering. Two samples taken.  Fish were observed downstream of the lowest beaver dam 500m from the Fraser River. Idea is to see if we detect fish upstream of dams but downstream of the FSR. Took water quality again this morning because has been raining heavily so wanted to see if dilution was evident through conductivity which it appears it is approximately 10% less conductivity which could impact detection ability.                  ,NA,TRUE,TRUE,NA,NA,NA,NA,NA,NA,ignore_mobile/photos/20250925_100203.jpg,ignore_mobile/photos/20250925_100205.jpg,ignore_mobile/photos/20250925_100207.jpg,NA,NA,NA,NA,NA,NA,"<!DOCTYPE HTML PUBLIC ""-//W3C//DTD HTML 4.0//EN"" ""http://www.w3.org/TR/REC-html40/strict.dtd"">
<html><head><meta name=""qrichtext"" content=""1"" /><meta charset=""utf-8"" /><style type=""text/css"">
p, li { white-space: pre-wrap; }
hr { height: 1px; border-width: 0; }
li.unchecked::marker { content: ""\2610""; }
li.checked::marker { content: ""\2612""; }
</style></head><body style="" font-family:'Inter'; font-size:14px; font-weight:400; font-style:normal;"">
<p style="" margin-top:0px; margin-bottom:0px; margin-left:0px; margin-right:0px; -qt-block-indent:0; text-indent:0px;""><a href=""https://waves-vagues.dfo-mpo.gc.ca/library-bibliotheque/40960791.pdf""><span style="" text-decoration: underline; color:#007aff;"">Link to Methods1</span></a></p></body></html>",NA,NA,~/Projects/gis/sern_fraser_2024/data_field/2025/form_edna_2025.gpkg,"c(1223287.60525501, 1006533.59876325)",527308,5985131
196085_us_ed1b,Tabor Creek,Sample collected 30m upstream of FSR/culvert inlet on the right bank. ,Pool,2025-09-25T22:48:21Z,NA,0.1,AI,AI,newgraph_airvine,newgraph_airvine,newgraph_airvine,220,Grab,Silica ,10,NA,NA,1.5,Mce,100,1,2025-09-25T22:50:53Z,NA,97,BT CH RB BB,FALSE,FALSE,FALSE,NA,NA,NA,NA,NA,Fish observed in the same pool that was sampled. Could not sample riffle as there was standing water only.  This sample was a Grab bottle          ,FALSE,FALSE,FALSE,FALSE,FALSE,NA,NA,NA,NA,ignore_mobile/photos/20250925_155021.jpg,ignore_mobile/photos/20250925_155024.jpg,ignore_mobile/photos/20250925_155025.jpg,NA,NA,NA,NA,NA,NA,"<!DOCTYPE HTML PUBLIC ""-//W3C//DTD HTML 4.0//EN"" ""http://www.w3.org/TR/REC-html40/strict.dtd"">
<html><head><meta name=""qrichtext"" content=""1"" /><style type=""text/css"">
p, li { white-space: pre-wrap; }
</style></head><body style="" font-family:'.AppleSystemUIFont'; font-size:13pt; font-weight:400; font-style:normal;"">
<p style="" margin-top:0px; margin-bottom:0px; margin-left:0px; margin-right:0px; -qt-block-indent:0; text-indent:0px;""><a href=""https://waves-vagues.dfo-mpo.gc.ca/library-bibliotheque/40960791.pdf""><span style="" font-family:'Inter'; font-size:14px; text-decoration: underline; color:#0984ff;"">Link to Methods1</span></a></p></body></html>",NA,NA,~/Projects/gis/sern_fraser_2024/data_field/2025/form_edna_2025.gpkg,"c(1215510.37816772, 982979.912077292)",518519,5961999
23919_ds_ed1a,Swift Creek,Sample collected 15m downstream of salmon viewing platform on left bank,riffle ,2025-09-12T16:17:51Z,NA,NA,Al LS,AI,newgraph_airvine,newgraph_airvine,newgraph_airvine,146,Instream,Silica,11,NA,NA,1,mce,NA,3,2025-09-12T17:27:23Z,2025-09-12T17:38:02Z,NA,CH SK BT CO,NA,NA,TRUE,NA,8.5,212,8.3,NA," First sample. No Chinook spawners observed, but were present within the last month. Red’s visible just upstream. Bull Trout is likely present upstream as well but unconfirned.",NA,NA,NA,NA,NA,NA,NA,NA,NA,ignore_mobile/photos/20250912_092506.jpg,ignore_mobile/photos/20250912_092547.jpg,ignore_mobile/photos/20250912_092542.jpg,ignore_mobile/photos/20250912_092611.jpg,Card,ignore_mobile/photos/20250912_112506.jpg,Chinook viewing platform,NA,NA,"<a href=""https://waves-vagues.dfo-mpo.gc.ca/library-bibliotheque/40960791.pdf"">Link to Methods1</a>",NA,NA,~/Projects/gis/sern_fraser_2024/data_field/2025/form_edna_2025.gpkg,"c(1450981.14459592, 890912.08246825)",346245,5856237
199278_ds_ed1,Teepee Creek,Sampled collect on right bank approximately 7 - 8 m downstream of Highway 5 N on small quad access road at ford.          ,riffle,2025-09-12T18:29:50Z,NA,NA,AI LS,AI LS,newgraph_airvine,newgraph_airvine,newgraph_airvine,147,Instream,Silica,11,NA,NA,1,Mce,NA,NA,2025-09-12T18:45:16Z,NA,600,CH CO BT RB,NA,NA,NA,NA,8,312,8.32,NA,Second site. ,NA,NA,NA,NA,NA,NA,NA,NA,NA,ignore_mobile/photos/20250912_121610.jpg,ignore_mobile/photos/20250912_121612.jpg,ignore_mobile/photos/20250912_121614.jpg,ignore_mobile/photos/20250912_121620.jpg,Card,NA,NA,NA,NA,"<a href=""https://waves-vagues.dfo-mpo.gc.ca/library-bibliotheque/40960791.pdf"">Link to Methods1</a>",NA,NA,~/Projects/gis/sern_fraser_2024/data_field/2025/form_edna_2025.gpkg,"c(1447954.66497918, 897106.295439265)",344019,5862748
199278_us_ed1,Teepee creek ,Sample collected 20m upstream of Highway 5 N crossing on right bank.,Riffle ,2025-09-12T19:24:43Z,NA,0.1,"Ls, ai","Ls,ai",newgraph_airvine,newgraph_airvine,newgraph_airvine,148,Instream,Silica ,11,NA,NA,1,Mce,NA,4,NA,NA,325,"Ch, co, bt, rb",NA,NA,NA,NA,8.2,319,8.2,NA,NA,NA,NA,NA,NA,NA,NA,NA,NA,NA,ignore_mobile/photos/20250912_123028.jpg,ignore_mobile/photos/20250912_123030.jpg,ignore_mobile/photos/20250912_123032.jpg,ignore_mobile/photos/20250912_123043.jpg,Card,NA,NA,NA,NA,"<a href=""https://waves-vagues.dfo-mpo.gc.ca/library-bibliotheque/40960791.pdf"">Link to Methods1</a>",NA,NA,~/Projects/gis/sern_fraser_2024/data_field/2025/form_edna_2025.gpkg,"c(1447995.36063222, 897128.114187502)",344063,5862764
23919_ds_ed1b,Swift creek ,Sample collected on Swift creek downstream of spawning platform.  Field blank. ,Riffle ,2025-09-12T16:15:50Z,2025-09-12T17:56:36Z,0.1,Al LS,Al LS,newgraph_lschick,newgraph_lschick,newgraph_lschick,NA,Instream,Silica ,11,NA,NA,1,Mce,NA,3,2025-09-12T16:44:47Z,2025-09-12T16:47:29Z,NA,"Ch, sk,bt, co",TRUE,NA,TRUE,NA,8.5,212,8.32,NA,First sample. No chinook spawners present but reds visible and definitely present in the last months. ,NA,NA,NA,NA,NA,NA,NA,NA,NA,ignore_mobile/photos/20250912_092002.jpg,ignore_mobile/photos/20250912_092004.jpg,ignore_mobile/photos/20250912_092006.jpg,ignore_mobile/photos/20250912_092010.jpg,Paper card ,NA,NA,NA,NA,"<a href=""https://waves-vagues.dfo-mpo.gc.ca/library-bibliotheque/40960791.pdf"">Link to Methods1</a>",NA,NA,~/Projects/gis/sern_fraser_2024/data_field/2025/form_edna_2025.gpkg,"c(1450980.10727757, 890908.313494443)",346244,5856233
197379_us_ed1,Avin Creek,Sample collected 50m upstream of culvert at isolated deep pool,Pool,2025-09-29T22:13:14Z,NA,0.1,AI VJ BJ,BJ,newgraph_airvine,newgraph_airvine,newgraph_airvine,NA,Instream ,Silica ,9,NA,NA,1,Mce,NA,2,NA,NA,117,BT CO RB CT,NA,NA,NA,NA,NA,NA,NA,NA,First canister faulty. Re did with a second filter.,NA,NA,NA,NA,NA,NA,NA,NA,NA,ignore_mobile/photos/20250929_151545.jpg,ignore_mobile/photos/20250929_151547.jpg,ignore_mobile/photos/20250929_151553.jpg,ignore_mobile/photos/20250929_151558.jpg,Card,NA,NA,NA,NA,"<a href=""https://waves-vagues.dfo-mpo.gc.ca/library-bibliotheque/40960791.pdf"">Link to Methods1</a>",NA,NA,~/Projects/gis/sern_skeena_2023/data_field/2025/form_edna_2025.gpkg,"c(945376.432521968, 1020283.90937924)",641025,6005965
197378 ds_ed1a,NA,Field blank at truck,NA,2025-09-29T17:23:37Z,NA,NA,AI VJ BJ,AI VJ BJ,newgraph_bute,newgraph_bute,newgraph_bute,236,Instream,Silica,9,NA,NA,1,Mce,NA,NA,2025-09-29T17:31:10Z,NA,NA,BT CT CH CO,TRUE,FALSE,NA,NA,NA,NA,NA,NA,NA,NA,NA,NA,NA,NA,NA,NA,NA,NA,ignore_mobile/photos/20250929_104457.jpg,NA,NA,ignore_mobile/photos/20250929_104505.jpg,Card,NA,NA,NA,NA,"<!DOCTYPE HTML PUBLIC ""-//W3C//DTD HTML 4.0//EN"" ""http://www.w3.org/TR/REC-html40/strict.dtd"">
<html><head><meta name=""qrichtext"" content=""1"" /><meta charset=""utf-8"" /><style type=""text/css"">
p, li { white-space: pre-wrap; }
hr { height: 1px; border-width: 0; }
li.unchecked::marker { content: ""\2610""; }
li.checked::marker { content: ""\2612""; }
</style></head><body style="" font-family:'Inter'; font-size:14px; font-weight:400; font-style:normal;"">
<p style="" margin-top:0px; margin-bottom:0px; margin-left:0px; margin-right:0px; -qt-block-indent:0; text-indent:0px;""><a href=""https://waves-vagues.dfo-mpo.gc.ca/library-bibliotheque/40960791.pdf""><span style="" text-decoration: underline; color:#007aff;"">Link to Methods1</span></a></p></body></html>",NA,NA,~/Projects/gis/sern_skeena_2023/data_field/2025/form_edna_2025.gpkg,"c(949155.73136007, 1012896.63014755)",645124,5998766
197378_ds_ed1b,Tributary to Owen Creek,Sample collected approximately 50m downstream from the culvert outlet on the right bank adjacent to a giant boulder          ,Riffle,2025-09-29T18:09:00Z,NA,0.1,Ai BJ VJj,AI BJ VJ,newgraph_bute,newgraph_bute,newgraph_bute,237,Instream,Silica,9,NA,NA,1,Mce,NA,1.5,NA,NA,360,BT CT CH CO,NA,NA,NA,NA,4,102,7.44,NA,NA,NA,NA,NA,NA,NA,NA,NA,NA,NA,ignore_mobile/photos/20250929_112502.jpg,ignore_mobile/photos/20250929_112507.jpg,ignore_mobile/photos/20250929_112510.jpg,ignore_mobile/photos/20250929_112853.jpg,NA,NA,NA,NA,NA,"<a href=""https://waves-vagues.dfo-mpo.gc.ca/library-bibliotheque/40960791.pdf"">Link to Methods1</a>",NA,NA,~/Projects/gis/sern_skeena_2023/data_field/2025/form_edna_2025.gpkg,"c(949180.732263819, 1012924.34322146)",645148,5998795
197378_Us_ed1,Tributary to Owen Creek,Sample collected immediately upstream of culvert inlet on right bank below beaver dam.,Riffle,2025-09-29T18:33:28Z,NA,0.1,AI VJ BJ,AI VJ BJ,newgraph_bute,newgraph_bute,newgraph_bute,238,Instream,Silica,9,NA,NA,1,Mce,NA,1.7,2025-09-29T18:49:25Z,NA,330,BT CT CH CO,NA,NA,NA,NA,NA,NA,NA,NA,NA,NA,NA,NA,NA,NA,NA,NA,NA,NA,ignore_mobile/photos/20250929_114703.jpg,ignore_mobile/photos/20250929_114657.jpg,ignore_mobile/photos/20250929_114654.jpg,ignore_mobile/photos/20250929_114642.jpg,Card,NA,NA,NA,NA,"<a href=""https://waves-vagues.dfo-mpo.gc.ca/library-bibliotheque/40960791.pdf"">Link to Methods1</a>",NA,NA,~/Projects/gis/sern_skeena_2023/data_field/2025/form_edna_2025.gpkg,"c(949122.151935088, 1012936.83782393)",645089,5998805
197360_ds_ed,Riddeck Creek,Sampled in pool in culvert outlet just downstream of road ,Pool,2025-09-29T19:49:27Z,NA,0.1,AI VJ BJ,AI,newgraph_bute,newgraph_bute,newgraph_bute,239,Grab,Silica,9,NA,NA,1.5,Grab,NA,NA,2025-09-29T19:56:01Z,NA,613,BT RB CH CO,NA,NA,NA,NA,4.7,340,6.8,NA,NA,NA,NA,NA,NA,NA,NA,NA,NA,NA,ignore_mobile/photos/20250929_125731.jpg,ignore_mobile/photos/20250929_130249.jpg,ignore_mobile/photos/20250929_130253.jpg,ignore_mobile/photos/20250929_125633.jpg,Card,NA,NA,NA,NA,"<a href=""https://waves-vagues.dfo-mpo.gc.ca/library-bibliotheque/40960791.pdf"">Link to Methods1</a>",NA,NA,~/Projects/gis/sern_skeena_2023/data_field/2025/form_edna_2025.gpkg,"c(953663.23085449, 1006326.69625764)",649917,5992412
197379_ds_ed,Avin Creek,Sample collected in outlet pool,Pool,2025-09-29T21:49:49Z,NA,0.1,AI VJ BJ,AI,newgraph_bute,newgraph_bute,newgraph_bute,241,Instream,Silica,9,NA,NA,1,Mce,NA,2,2025-09-29T21:57:49Z,NA,120,BT RB CH CO,NA,NA,NA,NA,5.7,332,7,NA,NA,NA,NA,NA,NA,NA,NA,NA,NA,NA,ignore_mobile/photos/20250929_150333.jpg,ignore_mobile/photos/20250929_150335.jpg,ignore_mobile/photos/20250929_150340.jpg,ignore_mobile/photos/20250929_150343.jpg,Card,NA,NA,NA,NA,"<!DOCTYPE HTML PUBLIC ""-//W3C//DTD HTML 4.0//EN"" ""http://www.w3.org/TR/REC-html40/strict.dtd"">
<html><head><meta name=""qrichtext"" content=""1"" /><meta charset=""utf-8"" /><style type=""text/css"">
p, li { white-space: pre-wrap; }
hr { height: 1px; border-width: 0; }
li.unchecked::marker { content: ""\2610""; }
li.checked::marker { content: ""\2612""; }
</style></head><body style="" font-family:'Inter'; font-size:14px; font-weight:400; font-style:normal;"">
<p style="" margin-top:0px; margin-bottom:0px; margin-left:0px; margin-right:0px; -qt-block-indent:0; text-indent:0px;""><a href=""https://waves-vagues.dfo-mpo.gc.ca/library-bibliotheque/40960791.pdf""><span style="" text-decoration: underline; color:#007aff;"">Link to Methods1</span></a></p></body></html>",NA,NA,~/Projects/gis/sern_skeena_2023/data_field/2025/form_edna_2025.gpkg,"c(945294.805579006, 1020236.99706172)",640945,6005915
197962_ds_ed,Peacock Creek,"Sample collected about 75m downstream from bridge below in riffle,",Riffle,2025-09-29T23:26:58Z,NA,0.1,AI VJ BJ,BJ,newgraph_bute,newgraph_bute,newgraph_bute,242,Instream ,Silica,9,NA,NA,1,Mce,NA,2,2025-09-29T23:38:41Z,NA,150,CO CH SO CT,NA,NA,NA,NA,5.2,216,7.5,NA,NA,NA,NA,NA,NA,NA,NA,NA,NA,NA,ignore_mobile/photos/20250929_163933.jpg,ignore_mobile/photos/20250929_163935.jpg,ignore_mobile/photos/20250929_163937.jpg,NA,NA,NA,NA,NA,NA,"<a href=""https://waves-vagues.dfo-mpo.gc.ca/library-bibliotheque/40960791.pdf"">Link to Methods1</a>",NA,NA,~/Projects/gis/sern_skeena_2023/data_field/2025/form_edna_2025.gpkg,"c(948600.999757489, 1040207.41766526)",643410,6025950
197962_us_ed,Peacock Creek,Sampled collected 10m upsstream of bridge,Riffle,2025-09-29T23:49:12Z,NA,0.1,VJ BJ,BJ,newgraph_bute,newgraph_bute,newgraph_bute,243,Instream ,Silica ,9,NA,NA,1,Mce,NA,2,2025-09-30T00:05:37Z,NA,140,SK BT CH CO,NA,NA,NA,NA,NA,NA,NA,NA,NA,NA,NA,NA,NA,NA,NA,NA,NA,NA,ignore_mobile/photos/20250929_165202.jpg,ignore_mobile/photos/20250929_165204.jpg,ignore_mobile/photos/20250929_165207.jpg,NA,NA,NA,NA,NA,NA,"<a href=""https://waves-vagues.dfo-mpo.gc.ca/library-bibliotheque/40960791.pdf"">Link to Methods1</a>",NA,NA,~/Projects/gis/sern_skeena_2023/data_field/2025/form_edna_2025.gpkg,"c(948664.544268364, 1040126.05415406)",643478,6025872
8525_ds_ed1,Tributary to Coal creek,Sample collected ~130m downstream of culvert on McDonell FSR. ,Riffle,2025-10-01T16:59:10Z,NA,0.1,"AI, TP, BJ",AI,newgraph_bute,newgraph_bute,newgraph_bute,245,In stream,Silica,9,NA,NA,1,MCE,NA,2,NA,NA,227,BT CT CO CH,NA,NA,NA,NA,4.7,120,7,NA,Sample collected from left bank,NA,NA,NA,NA,NA,NA,NA,NA,NA,ignore_mobile/photos/20251001_100009.jpg,ignore_mobile/photos/20251001_100013.jpg,ignore_mobile/photos/20251001_100019.jpg,ignore_mobile/photos/20251001_100023.jpg,Card,NA,NA,NA,NA,"<a href=""https://waves-vagues.dfo-mpo.gc.ca/library-bibliotheque/40960791.pdf"">Link to Methods1</a>",NA,NA,~/Projects/gis/sern_skeena_2023/data_field/2025/form_edna_2025.gpkg,"c(888391.429158192, 1091661.90717509)",580918,6074643
8525_us_ed1,Tributary to Coal creek,Sample collected ~40m upstream of culvert crossing McDonell FSR,Riffle,2025-10-01T17:25:10Z,NA,NA,AI TP BJ,AI,newgraph_bute,newgraph_bute,newgraph_bute,246,In stream,Silica,9,NA,NA,1,MCE,NA,2,NA,NA,316,BT CT CO CH,NA,NA,TRUE,NA,NA,NA,NA,NA,"Sample collected from left bank
",NA,NA,NA,NA,NA,NA,NA,NA,NA,ignore_mobile/photos/20251001_103115.jpg,ignore_mobile/photos/20251001_104222.jpg,ignore_mobile/photos/20251001_104232.jpg,ignore_mobile/photos/20251001_103105.jpg,Card,NA,NA,NA,NA,"<a href=""https://waves-vagues.dfo-mpo.gc.ca/library-bibliotheque/40960791.pdf"">Link to Methods1</a>",NA,NA,~/Projects/gis/sern_skeena_2023/data_field/2025/form_edna_2025.gpkg,"c(888501.042351012, 1091704.69412557)",581026,6074690
8525_us_ed2,Tributary to Coal creek,Sample collected ~36.5m upstream of bridge crossing 8529,Riffle,2025-10-01T18:03:47Z,NA,0.1,AI TP BJ,AI,newgraph_bute,newgraph_bute,newgraph_bute,247,In stream,Silica,9,NA,NA,1,MCE,NA,2,NA,NA,214,BT CT CO CH,NA,NA,NA,NA,4,133.3,7.1,NA,Collected sample from left bank,NA,NA,NA,NA,NA,NA,NA,NA,NA,ignore_mobile/photos/20251001_110704.jpg,ignore_mobile/photos/20251001_110707.jpg,ignore_mobile/photos/20251001_110709.jpg,ignore_mobile/photos/20251001_110712.jpg,Site card,NA,NA,NA,NA,"<a href=""https://waves-vagues.dfo-mpo.gc.ca/library-bibliotheque/40960791.pdf"">Link to Methods1</a>",NA,NA,~/Projects/gis/sern_skeena_2023/data_field/2025/form_edna_2025.gpkg,"c(889945.87845836, 1092393.86511489)",582443,6075438
8530_ds_ed1,Sandstone Creek,"Sample collected ~45m downstream of culvert crossing McDonell FSR, at bottom end of ef1 (2024)",Riffle,2025-10-01T18:37:34Z,NA,NA,AI TP BJ,AI,newgraph_bute,newgraph_bute,newgraph_bute,248,Instream,Silica,9,NA,NA,1,MCE,NA,2,NA,NA,102,BT CO CH CT,NA,NA,NA,NA,4.5,116,7.35,NA,NA,NA,NA,NA,NA,NA,NA,NA,NA,NA,ignore_mobile/photos/20251001_114218.jpg,ignore_mobile/photos/20251001_114220.jpg,ignore_mobile/photos/20251001_114222.jpg,ignore_mobile/photos/20251001_114226.jpg,Site card,NA,NA,NA,NA,"<a href=""https://waves-vagues.dfo-mpo.gc.ca/library-bibliotheque/40960791.pdf"">Link to Methods1</a>",NA,NA,~/Projects/gis/sern_skeena_2023/data_field/2025/form_edna_2025.gpkg,"c(890131.612936531, 1090784.13219252)",582698,6073843
8530_us_ed1,Sandstone Creek,"Sample collected ~43m upstream of culvert, about 5m above grate. 
",NA,2025-10-01T19:02:51Z,NA,NA,AI TP BJ,BJ,newgraph_bute,newgraph_bute,newgraph_bute,NA,Instream,Silica,9,NA,NA,1,MCE,NA,2,NA,NA,216,CO CT CH BT,NA,NA,NA,NA,NA,NA,NA,NA,Sampled from left bank ,NA,NA,NA,NA,NA,NA,NA,NA,NA,ignore_mobile/photos/20251001_120621.jpg,ignore_mobile/photos/20251001_120623.jpg,ignore_mobile/photos/20251001_120625.jpg,ignore_mobile/photos/20251001_120628.jpg,Site card,NA,NA,NA,NA,"<a href=""https://waves-vagues.dfo-mpo.gc.ca/library-bibliotheque/40960791.pdf"">Link to Methods1</a>",NA,NA,~/Projects/gis/sern_skeena_2023/data_field/2025/form_edna_2025.gpkg,"c(890191.274749551, 1090834.92005225)",582755,6073896
8547_ds_ed1,Tributary to McDonnell lake ,"Accessed from historic road, 40m upstream of PSCIS 198943. Walked in ~600m",Riffle,2025-10-01T20:00:14Z,NA,NA,AI TP BJ,AI,newgraph_bute,newgraph_bute,newgraph_bute,250,Instream,Silica,9,NA,NA,1,MCE,NA,2,NA,NA,133,BT CO CH SK,NA,NA,NA,NA,3.5,142,7.08,NA,Sampled from left bank,NA,NA,NA,NA,NA,NA,NA,NA,NA,ignore_mobile/photos/20251001_130536.jpg,ignore_mobile/photos/20251001_130538.jpg,ignore_mobile/photos/20251001_130540.jpg,ignore_mobile/photos/20251001_130543.jpg,Site card,NA,NA,NA,NA,"<a href=""https://waves-vagues.dfo-mpo.gc.ca/library-bibliotheque/40960791.pdf"">Link to Methods1</a>",NA,NA,~/Projects/gis/sern_skeena_2023/data_field/2025/form_edna_2025.gpkg,"c(898263.71178567, 1088572.51848121)",590936,6071986
8547_ds_ed2,Tributary to McDonnell lake ,Sample collected ~25m downstream of culvert crossing mcdonell FSR. Near bottom end of ef1 (2024),Riffle,2025-10-01T20:44:28Z,NA,NA,AI TP BJ,AI,newgraph_bute,newgraph_bute,newgraph_bute,251,Instream,Silica,9,NA,NA,1,MCE,NA,2,NA,NA,339,CO CT SK DV,NA,NA,NA,NA,4,121,7.15,NA,"Sampled from right bank. Attached unit prior to priming, removed unit, primed then re-attached and sampled. ",NA,NA,NA,NA,NA,NA,NA,NA,NA,ignore_mobile/photos/20251001_134657.jpg,ignore_mobile/photos/20251001_134700.jpg,ignore_mobile/photos/20251001_134702.jpg,ignore_mobile/photos/20251001_134705.jpg,Site card,NA,NA,NA,NA,"<a href=""https://waves-vagues.dfo-mpo.gc.ca/library-bibliotheque/40960791.pdf"">Link to Methods1</a>",NA,NA,~/Projects/gis/sern_skeena_2023/data_field/2025/form_edna_2025.gpkg,"c(897349.084373714, 1089261.40171415)",589991,6072633
8547_us_ed1,Tributary to McDonnell lake ,Sample collected ~3m upstream of culvert. ,Riffle,2025-10-01T21:03:36Z,NA,NA,AI TP BJ,AI,newgraph_bute,newgraph_bute,newgraph_bute,NA,Instream,Silica,9,NA,NA,1,MCE,NA,2,NA,NA,139,CO CH DV SK,NA,NA,NA,NA,NA,NA,NA,NA,Sampled from right bank ,NA,NA,NA,NA,NA,NA,NA,NA,NA,ignore_mobile/photos/20251001_140849.jpg,ignore_mobile/photos/20251001_140851.jpg,ignore_mobile/photos/20251001_140855.jpg,ignore_mobile/photos/20251001_140618.jpg,Site card ,NA,NA,NA,NA,"<a href=""https://waves-vagues.dfo-mpo.gc.ca/library-bibliotheque/40960791.pdf"">Link to Methods1</a>",NA,NA,~/Projects/gis/sern_skeena_2023/data_field/2025/form_edna_2025.gpkg,"c(897338.048316501, 1089287.13244537)",589979,6072658
197960_ds_ed1,Corya Creek,"Sampled ~715m downstream of railway crossing, at highway bridge",Glide,2025-10-01T23:14:05Z,NA,NA,TP AI BJ,NA,newgraph_bute,newgraph_bute,newgraph_bute,253,Instream,Silica,9,NA,NA,1,MCE,NA,2,NA,NA,171,CO CH SK PK,NA,NA,NA,NA,5.3,172.7,6.9,NA,"Sampled from left bank. Connection failure,  removed unit and started over",NA,NA,NA,NA,NA,NA,NA,NA,NA,ignore_mobile/photos/20251001_161913.jpg,ignore_mobile/photos/20251001_161916.jpg,ignore_mobile/photos/20251001_161918.jpg,ignore_mobile/photos/20251001_161922.jpg,Site card,NA,NA,NA,NA,"<!DOCTYPE HTML PUBLIC ""-//W3C//DTD HTML 4.0//EN"" ""http://www.w3.org/TR/REC-html40/strict.dtd"">
<html><head><meta name=""qrichtext"" content=""1"" /><meta charset=""utf-8"" /><style type=""text/css"">
p, li { white-space: pre-wrap; }
hr { height: 1px; border-width: 0; }
li.unchecked::marker { content: ""\2610""; }
li.checked::marker { content: ""\2612""; }
</style></head><body style="" font-family:'Inter'; font-size:14px; font-weight:400; font-style:normal;"">
<p style="" margin-top:0px; margin-bottom:0px; margin-left:0px; margin-right:0px; -qt-block-indent:0; text-indent:0px;""><a href=""https://waves-vagues.dfo-mpo.gc.ca/library-bibliotheque/40960791.pdf""><span style="" text-decoration: underline; color:#007aff;"">Link to Methods1</span></a></p></body></html>",NA,NA,~/Projects/gis/sern_skeena_2023/data_field/2025/form_edna_2025.gpkg,"c(914910.176777952, 1116136.6034594)",606434,6100151
58067_ds_ed1,Tributary to Gramaphone Creek ,Sample collected 80m downstream of Telkwa High Road culvert on left bank. Walked in on south side of stream (right bank) off road.,Riffle,2025-10-02T00:14:23Z,NA,0.1,AI,AI,newgraph_airvine,newgraph_airvine,newgraph_airvine,254,Instream,Silica,9,NA,NA,1,Mce,NA,2,NA,NA,210,CO CH BT RB,NA,NA,NA,NA,6.1,123,6.9,NA,Filter time is an estimate. Forgot to stop the timer. Went pretty quick though.          ,NA,NA,NA,NA,NA,NA,NA,NA,NA,ignore_mobile/photos/20251001_171902.jpg,ignore_mobile/photos/20251001_171904.jpg,ignore_mobile/photos/20251001_171907.jpg,ignore_mobile/photos/20251001_171909.jpg,NA,NA,NA,NA,NA,"<a href=""https://waves-vagues.dfo-mpo.gc.ca/library-bibliotheque/40960791.pdf"">Link to Methods1</a>",NA,NA,~/Projects/gis/sern_skeena_2023/data_field/2025/form_edna_2025.gpkg,"c(917810.006070831, 1108698.93956852)",609656,6092866
bulkley_falls_ds_ed1,Bulkley River,Sample collected 25m downstream of the falls in a riffle from pool at the bottom of the falls. Right bank from island. ,NA,2025-09-28T20:07:54Z,NA,NA,AI,AI,newgraph_lschick,newgraph_lschick,newgraph_lschick,NA,Grab,Silica,9,NA,NA,1,MCE,NA,3,NA,NA,NA,CO CH DV SK,FALSE,FALSE,FALSE,NA,4.8,285,7.7,NA,NA,FALSE,FALSE,FALSE,FALSE,FALSE,NA,NA,NA,NA,NA,NA,NA,NA,NA,NA,NA,NA,NA,"<!DOCTYPE HTML PUBLIC ""-//W3C//DTD HTML 4.0//EN"" ""http://www.w3.org/TR/REC-html40/strict.dtd"">
<html><head><meta name=""qrichtext"" content=""1"" /><style type=""text/css"">
p, li { white-space: pre-wrap; }
</style></head><body style="" font-family:'.AppleSystemUIFont'; font-size:13pt; font-weight:400; font-style:normal;"">
<p style="" margin-top:0px; margin-bottom:0px; margin-left:0px; margin-right:0px; -qt-block-indent:0; text-indent:0px;""><a href=""https://waves-vagues.dfo-mpo.gc.ca/library-bibliotheque/40960791.pdf""><span style="" text-decoration: underline; color:#0080ff;"">Link to Methods1</span></a></p></body></html>",NA,NA,~/Projects/gis/sern_skeena_2023/data_field/2025/form_edna_2025.gpkg,"c(983819.204661612, 1051132.69195062)",678227,6038335
bulkley_falls_ds_ed2,Bulkley River,"Sample collected ~800m downstream of the falls,  and ~100m downstream of a log jam (point 123 from Price 2014).",NA,2025-09-28T20:47:13Z,NA,NA,AI,AI,newgraph_lschick,newgraph_lschick,newgraph_lschick,234,Grab,Silica,9,NA,NA,1,MCE,NA,1,NA,NA,NA,CO CH DV SK,FALSE,FALSE,FALSE,NA,4.8,285,7.7,NA,NA,FALSE,FALSE,FALSE,FALSE,FALSE,NA,NA,NA,NA,NA,NA,NA,NA,NA,NA,NA,NA,NA,"<!DOCTYPE HTML PUBLIC ""-//W3C//DTD HTML 4.0//EN"" ""http://www.w3.org/TR/REC-html40/strict.dtd"">
<html><head><meta name=""qrichtext"" content=""1"" /><style type=""text/css"">
p, li { white-space: pre-wrap; }
</style></head><body style="" font-family:'.AppleSystemUIFont'; font-size:13pt; font-weight:400; font-style:normal;"">
<p style="" margin-top:0px; margin-bottom:0px; margin-left:0px; margin-right:0px; -qt-block-indent:0; text-indent:0px;""><a href=""https://waves-vagues.dfo-mpo.gc.ca/library-bibliotheque/40960791.pdf""><span style="" text-decoration: underline; color:#0080ff;"">Link to Methods1</span></a></p></body></html>",NA,NA,~/Projects/gis/sern_skeena_2023/data_field/2025/form_edna_2025.gpkg,"c(983654.551464434, 1051853.29307664)",678031,6039046
