date_time_start,pscis_crossing_id,my_crossing_reference,crew_members,aggregated_crossings_id,camera_id,site_id,gps_id,moti_chris_culvert_id,moti_chris_culvert_id2,moti_chris_culvert_id3,gps_waypoint_number,stream_name,road_name,road_km_mark,road_tenure,crossing_type,crossing_subtype,crossing_fix,diameter_or_span_meters,length_or_width_meters,assessment_comment,rowid,date,utm_zone,easting,northing,continuous_embeddedment_yes_no,average_depth_embededdment_meters,resemble_channel_yes_no,backwatered_yes_no,percentage_backwatered,fill_depth_meters,outlet_drop_meters,outlet_pool_depth_0_01m,inlet_drop_yes_no,culvert_slope_percent,downstream_channel_width_meters,stream_slope,beaver_activity_yes_no,fish_observed_yes_no,valley_fill,habitat_value,stream_width_ratio,culvert_length_score,embed_score,outlet_drop_score,culvert_slope_score,stream_width_ratio_score,final_score,barrier_result,recommended_diameter_or_span_meters,source,time_start,mergin_user,assess_type_phase1,assess_type_reassessment,assess_type_phase2,my_priority,erosion_issues,embankment_fill_issues,blockage_issues,condition_rank,condition_notes,likelihood_flood_event_affecting_culvert,consequence_flood_event_affecting_culvert,climate_change_flood_risk,vulnerability_rank,climate_notes,traffic_volume,community_access,cost,constructability,fish_bearing,environmental_impacts,priority_rank,overall_rank,climate_priority_notes,photo_road,photo_upstream,photo_downstream,photo_inlet,photo_barrel,photo_outlet,photo_condition,photo_embankment_fill,photo_blockage,photo_paper_card,photo_extra1,photo_extra2,photo_extra3,photo_extra1_tag,photo_extra2_tag,photo_extra3_tag,link_method_phase1,my_citation_key1,my_citation_key2,my_citation_key3,uav_flight_completed,assessment_comments_og,fill_dpth_over,geom,assessment_comment_og
2025-09-22T00:52:18Z,199663,NA,AI,NA,newgraph_airvine,199663,newgraph_airvine,NA,NA,NA,184,Tributary To Parsnip River          ,Chco 12000,NA,BCTS,Closed Bottom Structure,Round Culvert,Replace Structure with Streambed Simulation CBS,1.2,13,"Only photos and downstream width measurements were collected in 2025 due to limited time; all other information was transcribed from the 2024 survey. Habitat confirmations and eDNA samples were collected both upstream and downstream. A large wetland was located approximately 70–80m downstream of the culvert outlet. Abundant gravels were present within the first 20–30m below the outlet pool, where flow was strong, and a substantial outlet drop was observed.",NA,2025-09-21,10,515416,6094963,No,NA,NA,No,NA,0.5,0.6,0.4,No,3,0,1,No,No,Deep Fill,Medium,0,0,10,10,10,0,30,Barrier,3,~/Projects/gis/sern_peace_fwcp_2023/data_field/2025/form_pscis_2025.gpkg,NA,newgraph_airvine,No,No,Yes,mod,NA,NA,NA,NA,NA,NA,NA,NA,NA,NA,NA,NA,NA,NA,NA,NA,NA,NA,NA,ignore_mobile/photos/20250921_175451.jpg,ignore_mobile/photos/20250921_175505.jpg,ignore_mobile/photos/20250921_175518.jpg,ignore_mobile/photos/20250921_175510.jpg,ignore_mobile/photos/20250921_175457.jpg,ignore_mobile/photos/20250921_175514.jpg,NA,NA,NA,NA,ignore_mobile/photos/20250921_175531.jpg,NA,NA,Wetland downstream,NA,NA,"<a href=""https://www2.gov.bc.ca/assets/gov/environment/natural-resource-stewardship/land-based-investment/forests-for-tomorrow/field-assessment-for-determining-fish-passage-status-of-cbs.pdf/"">Link to Methods for Fish Passage Assessment</a>",NA,NA,NA,No,"Very short on time so only photos and downstream widths were gathered in 2025. The rest of the information has been transcribed from the survey done in 2024. Habitat confirmation conducted and EDNA collected downstream and upstream.

Load wetland is located approximately 70 to 80 m downstream of the culvert outlet. Abundant gravel in the first 20 to 30 m below the culvert outlet pool. Huge outlet drop and good flow.",-2.5,"c(1206765.99738185, 1116108.72685703)",NA
2025-09-22T22:40:12Z,NA,15201563,AI,NA,newgraph_airvine,15201563,newgraph_airvine,NA,NA,NA,188,Tributary To Nation River ,Thut 15000,NA,Sekani R07214 8,Closed Bottom Structure,Round Culvert,Replace with New Open Bottom Structure,0.8,19,"High-quality stream with abundant gravels and cover, directly connected to the Nation River. Bull trout noted near the confluence. eDNA samples collected upstream and downstream of the crossing. This crossing is located on a road identified by BCTS as a candidate for potential deactivation.",NA,2025-09-22,10,425959,6122703,No,NA,NA,No,NA,1.5,0.25,0.5,Yes,1,2.5,2.5,No,No,Deep Fill,High,3.12,3,10,5,5,6,29,Barrier,15,~/Projects/gis/sern_peace_fwcp_2023/data_field/2025/form_pscis_2025.gpkg,NA,newgraph_airvine,Yes,No,Yes,high,NA,NA,NA,NA,NA,NA,NA,NA,NA,NA,NA,NA,NA,NA,NA,NA,NA,NA,NA,ignore_mobile/photos/20250922_154325.jpg,ignore_mobile/photos/20250922_154335.jpg,ignore_mobile/photos/20250922_154347.jpg,ignore_mobile/photos/20250922_154340.jpg,ignore_mobile/photos/20250922_154329.jpg,ignore_mobile/photos/20250922_154343.jpg,NA,NA,NA,ignore_mobile/photos/20250922_154352.jpg,NA,NA,NA,NA,NA,NA,"<a href=""https://www2.gov.bc.ca/assets/gov/environment/natural-resource-stewardship/land-based-investment/forests-for-tomorrow/field-assessment-for-determining-fish-passage-status-of-cbs.pdf/"">Link to Methods for Fish Passage Assessment</a>",NA,NA,NA,No,"Very nice dream, fun and gravel and cover. Directly connected to the nation River with Boltro noted very near the confluence.",-1.5,"c(1116414.7856315, 1140116.70564321)",NA
2025-09-22T23:48:10Z,NA,15201146,AI,NA,newgraph_airvine,15201146,newgraph_airvine,NA,NA,NA,189,Tributary To Nation River ,Thut 15000,NA,Sekani R07214 22,Closed Bottom Structure,Round Culvert,Replace Structure with Streambed Simulation CBS,0.8,10,Small stream with short channel length before entering a large wetland area. Pockets of small gravel were present throughout. This crossing is located on a road identified by BCTS as a candidate for potential deactivation.,NA,2025-09-22,10,426678,6123035,No,NA,NA,No,NA,1.5,0.2,0.1,No,2,1.6,3.4,No,No,Deep Fill,Medium,2,0,10,5,5,6,26,Barrier,3,~/Projects/gis/sern_peace_fwcp_2023/data_field/2025/form_pscis_2025.gpkg,NA,newgraph_airvine,Yes,No,NA,mod,NA,NA,NA,NA,NA,NA,NA,NA,NA,NA,NA,NA,NA,NA,NA,NA,NA,NA,NA,ignore_mobile/photos/20250922_170525.jpg,ignore_mobile/photos/20250922_170534.jpg,ignore_mobile/photos/20250922_170544.jpg,ignore_mobile/photos/20250922_170537.jpg,ignore_mobile/photos/20250922_170528.jpg,ignore_mobile/photos/20250922_170540.jpg,NA,NA,NA,ignore_mobile/photos/20250922_170552.jpg,ignore_mobile/photos/20250922_171050.jpg,NA,NA,Wetland upstream ,NA,NA,"<a href=""https://www2.gov.bc.ca/assets/gov/environment/natural-resource-stewardship/land-based-investment/forests-for-tomorrow/field-assessment-for-determining-fish-passage-status-of-cbs.pdf/"">Link to Methods for Fish Passage Assessment</a>",NA,NA,NA,No,"Small screen event. Some pocket of small gravel, short section of channel of stream before large wetland area.",-1.5,"c(1117117.09277077, 1140479.26406905)",NA
2025-09-23T00:24:31Z,NA,15202249,AI,NA,newgraph_airvine,15202249,newgraph_airvine,NA,NA,NA,190,Tributary To Nation River ,Thut 14000,NA,MoF,Closed Bottom Structure,Round Culvert,Replace with New Open Bottom Structure,2.3,21,Wetland type habitat downstream with good habitat upstream with pockets of gravel and a wide channel. Culverts beginning to sag in the middle. No outlet drop.,NA,2025-09-22,10,429213,6126036,No,NA,NA,No,NA,1.2,0,0.4,No,2,3,1.5,No,No,Deep Fill,Medium,1.3,3,10,0,5,6,24,Barrier,15,~/Projects/gis/sern_peace_fwcp_2023/data_field/2025/form_pscis_2025.gpkg,NA,newgraph_airvine,Yes,No,NA,mod,NA,NA,NA,NA,NA,NA,NA,NA,NA,NA,NA,NA,NA,NA,NA,NA,NA,NA,NA,ignore_mobile/photos/20250922_174124.jpg,ignore_mobile/photos/20250922_174132.jpg,ignore_mobile/photos/20250922_174145.jpg,ignore_mobile/photos/20250922_174138.jpg,ignore_mobile/photos/20250922_174128.jpg,ignore_mobile/photos/20250922_174141.jpg,ignore_mobile/photos/20250922_174148.jpg,NA,NA,ignore_mobile/photos/20250922_174217.jpg,ignore_mobile/photos/20250922_174154.jpg,NA,NA,Barrel2,NA,NA,"<a href=""https://www2.gov.bc.ca/assets/gov/environment/natural-resource-stewardship/land-based-investment/forests-for-tomorrow/field-assessment-for-determining-fish-passage-status-of-cbs.pdf/"">Link to Methods for Fish Passage Assessment</a>",NA,NA,NA,No,Wetland type habitat downstream with good habitat upstream with pockets of gravel and a wide channel. Culverts beginning to sag in the middle. No outlet drop.,-1.8,"c(1119516.1264133, 1143594.63088252)",NA
2025-09-23T01:22:03Z,NA,15200985,AI,NA,newgraph_airvine,15200985,newgraph_airvine,NA,NA,NA,191,Tributary To Nation River ,Finlay-Nation FSR,22.3,Sekani R09952 1,Closed Bottom Structure,Round Culvert,Replace with New Open Bottom Structure,2.35,15,"Large stream with abundant woody debris, pools, and gravels upstream. Outlet dropped minimally onto a boulder.",NA,2025-09-22,10,458498,6137654,No,NA,NA,No,NA,2,0.15,0.1,Yes,4,4.1,6,No,No,Deep Fill,High,1.74,3,10,5,10,6,34,Barrier,15,~/Projects/gis/sern_peace_fwcp_2023/data_field/2025/form_pscis_2025.gpkg,NA,newgraph_airvine,Yes,No,NA,mod,NA,NA,NA,NA,NA,NA,NA,NA,NA,NA,NA,NA,NA,NA,NA,NA,NA,NA,NA,ignore_mobile/photos/20250922_184322.jpg,ignore_mobile/photos/20250922_184331.jpg,ignore_mobile/photos/20250922_184346.jpg,ignore_mobile/photos/20250922_184338.jpg,ignore_mobile/photos/20250922_184324.jpg,ignore_mobile/photos/20250922_184342.jpg,NA,NA,NA,ignore_mobile/photos/20250922_184420.jpg,ignore_mobile/photos/20250922_184355.jpg,NA,NA,Gravel upstream ,NA,NA,"<!DOCTYPE HTML PUBLIC ""-//W3C//DTD HTML 4.0//EN"" ""http://www.w3.org/TR/REC-html40/strict.dtd"">
<html><head><meta name=""qrichtext"" content=""1"" /><meta charset=""utf-8"" /><style type=""text/css"">
p, li { white-space: pre-wrap; }
hr { height: 1px; border-width: 0; }
li.unchecked::marker { content: ""\2610""; }
li.checked::marker { content: ""\2612""; }
</style></head><body style="" font-family:'Inter'; font-size:14px; font-weight:400; font-style:normal;"">
<p style="" margin-top:0px; margin-bottom:0px; margin-left:0px; margin-right:0px; -qt-block-indent:0; text-indent:0px;""><a href=""https://www2.gov.bc.ca/assets/gov/environment/natural-resource-stewardship/land-based-investment/forests-for-tomorrow/field-assessment-for-determining-fish-passage-status-of-cbs.pdf/""><span style="" text-decoration: underline; color:#007aff;"">Link to Methods for Fish Passage Assessment</span></a></p></body></html>",NA,NA,NA,No,"Large stream with woody debris, pools and gravels upstream. Outlet drops very little to boulder.",-1,"c(1148213.00581119, 1156483.21285419)",NA
2025-09-23T01:51:02Z,NA,15201007,AI,NA,newgraph_airvine,15201007,newgraph_airvine,NA,NA,NA,192,Tributary To Nation River ,Finlay-Nation FSR,19.5,Sekani R09952 1,Closed Bottom Structure,Round Culvert,Replace with New Open Bottom Structure,2.1,15,Large stream with pools and gravels present upstream. Significant amounts of road fill had been graded into the channel.,NA,2025-09-22,10,459772,6140076,No,NA,NA,No,NA,1.3,0,0.1,No,1,3.5,4,No,No,Deep Fill,High,1.67,3,10,0,5,6,24,Barrier,15,~/Projects/gis/sern_peace_fwcp_2023/data_field/2025/form_pscis_2025.gpkg,NA,newgraph_airvine,Yes,No,NA,mod,NA,NA,NA,NA,NA,NA,NA,NA,NA,NA,NA,NA,NA,NA,NA,NA,NA,NA,NA,ignore_mobile/photos/20250922_190334.jpg,ignore_mobile/photos/20250922_190345.jpg,ignore_mobile/photos/20250922_190404.jpg,ignore_mobile/photos/20250922_190349.jpg,ignore_mobile/photos/20250922_190339.jpg,ignore_mobile/photos/20250922_190400.jpg,NA,NA,NA,ignore_mobile/photos/20250922_190409.jpg,NA,NA,NA,NA,NA,NA,"<a href=""https://www2.gov.bc.ca/assets/gov/environment/natural-resource-stewardship/land-based-investment/forests-for-tomorrow/field-assessment-for-determining-fish-passage-status-of-cbs.pdf/"">Link to Methods for Fish Passage Assessment</a>",NA,NA,NA,No,Hard stream with pools and gravels upstream. Significant quantities of road fill have been graded into the stream.,-1.7,"c(1149379.3294057, 1158964.18094926)",NA
2025-09-23T16:34:47Z,NA,15201006,AI,NA,newgraph_airvine,15201006,newgraph_airvine,NA,NA,NA,193,Tributary To Nation River ,Finlay-Nation FSR,8,Sekani R01884 61,Closed Bottom Structure,Round Culvert,Replace with New Open Bottom Structure,1.55,23,"Large, low gradient, high value system. Significant amounts of road fill is eroding from the road prism into the stream on both sides of the FSR. Habitat confirmation and electrofishing or EDNA sampling is recommended.",NA,2025-09-23,10,466124,6147887,No,NA,NA,No,NA,3.5,0.25,0.1,No,5.5,3.4,4,No,No,Deep Fill,High,2.19,3,10,5,10,6,34,Barrier,16.5,~/Projects/gis/sern_peace_fwcp_2023/data_field/2025/form_pscis_2025.gpkg,NA,newgraph_airvine,Yes,No,NA,high,NA,NA,NA,NA,NA,NA,NA,NA,NA,NA,NA,NA,NA,NA,NA,NA,NA,NA,NA,ignore_mobile/photos/20250923_095152.jpg,ignore_mobile/photos/20250923_095200.jpg,ignore_mobile/photos/20250923_095212.jpg,ignore_mobile/photos/20250923_095205.jpg,ignore_mobile/photos/20250923_095155.jpg,ignore_mobile/photos/20250923_095208.jpg,NA,ignore_mobile/photos/20250923_095236.jpg,NA,ignore_mobile/photos/20250923_095259.jpg,ignore_mobile/photos/20250923_095243.jpg,NA,NA,Road fill erosion ,NA,NA,"<!DOCTYPE HTML PUBLIC ""-//W3C//DTD HTML 4.0//EN"" ""http://www.w3.org/TR/REC-html40/strict.dtd"">
<html><head><meta name=""qrichtext"" content=""1"" /><meta charset=""utf-8"" /><style type=""text/css"">
p, li { white-space: pre-wrap; }
hr { height: 1px; border-width: 0; }
li.unchecked::marker { content: ""\2610""; }
li.checked::marker { content: ""\2612""; }
</style></head><body style="" font-family:'Inter'; font-size:14px; font-weight:400; font-style:normal;"">
<p style="" margin-top:0px; margin-bottom:0px; margin-left:0px; margin-right:0px; -qt-block-indent:0; text-indent:0px;""><a href=""https://www2.gov.bc.ca/assets/gov/environment/natural-resource-stewardship/land-based-investment/forests-for-tomorrow/field-assessment-for-determining-fish-passage-status-of-cbs.pdf/""><span style="" text-decoration: underline; color:#007aff;"">Link to Methods for Fish Passage Assessment</span></a></p></body></html>",NA,NA,NA,No,"Large, low gradient, high value system. Significant amounts of road fill is a eroding from the road prism into the stream on both sides of the FSR.

Habitat, confirmation and Fish and or EDNA sampling recommended",0.5,"c(1155379.38820801, 1167061.40423964)",NA
2025-09-23T17:01:34Z,NA,16400714,AI,NA,newgraph_airvine,16400714,newgraph_airvine,NA,NA,NA,194,Tributary To Williston Reservoir ,Finlay-Nation FSR,NA,MoF,Closed Bottom Structure,Oval Culvert,Replace with New Open Bottom Structure,5.8,30,"Very large stream with 2.5m high beaver dam located in the middle of the culvert backing up a massive wetland upstream. First passage is definitely hindered by the beaver dam however, the wetland it creates provides likely stable hydrology for the downstream system.",NA,2025-09-23,10,469020,6148916,No,NA,NA,No,NA,2,0,0.1,No,2,7.4,1.5,Yes,No,Deep Fill,High,1.28,6,10,0,5,3,24,Barrier,15,~/Projects/gis/sern_peace_fwcp_2023/data_field/2025/form_pscis_2025.gpkg,NA,newgraph_airvine,Yes,No,NA,mod,NA,NA,NA,NA,NA,NA,NA,NA,NA,NA,NA,NA,NA,NA,NA,NA,NA,NA,NA,ignore_mobile/photos/20250923_102203.jpg,ignore_mobile/photos/20250923_102212.jpg,ignore_mobile/photos/20250923_102238.jpg,ignore_mobile/photos/20250923_102435.jpg,ignore_mobile/photos/20250923_102208.jpg,ignore_mobile/photos/20250923_102439.jpg,NA,NA,ignore_mobile/photos/20250923_102445.jpg,ignore_mobile/photos/20250923_102518.jpg,NA,NA,NA,NA,NA,NA,"<!DOCTYPE HTML PUBLIC ""-//W3C//DTD HTML 4.0//EN"" ""http://www.w3.org/TR/REC-html40/strict.dtd"">
<html><head><meta name=""qrichtext"" content=""1"" /><meta charset=""utf-8"" /><style type=""text/css"">
p, li { white-space: pre-wrap; }
hr { height: 1px; border-width: 0; }
li.unchecked::marker { content: ""\2610""; }
li.checked::marker { content: ""\2612""; }
</style></head><body style="" font-family:'Inter'; font-size:14px; font-weight:400; font-style:normal;"">
<p style="" margin-top:0px; margin-bottom:0px; margin-left:0px; margin-right:0px; -qt-block-indent:0; text-indent:0px;""><a href=""https://www2.gov.bc.ca/assets/gov/environment/natural-resource-stewardship/land-based-investment/forests-for-tomorrow/field-assessment-for-determining-fish-passage-status-of-cbs.pdf/""><span style="" text-decoration: underline; color:#007aff;"">Link to Methods for Fish Passage Assessment</span></a></p></body></html>",NA,NA,NA,No,"Very large stream with 2.5 m high Beaverdam located in the middle of the culvert backing up a massive wetland upstream. First passage is definitely hindered by the Beaverdam however, the wetland it creates provides likely stable hydrology for the downstream system",-1,"c(1158222.62496989, 1168214.93523436)",NA
2025-09-23T17:38:28Z,NA,16401547,AI,NA,newgraph_airvine,16401547,newgraph_airvine,NA,NA,NA,195,Tributary To Williston Reservoir ,Finlay FSR,NA,Sekani R10040 19,Closed Bottom Structure,Round Culvert,NA,2.9,30,Beaver dam located 1m upstream from the inlet. Pipe is embedded and the top 10m is backwatered. Smaller stream with some pockets of gravel and decent flow – although there were heavy rains yesterday.,NA,2025-09-23,10,476482,6147549,Yes,0.6,yes,Yes,50,2,0,0.1,Yes,1,2,0,Yes,No,Deep Fill,Medium,0.69,6,0,0,5,0,11,Passable,NA,~/Projects/gis/sern_peace_fwcp_2023/data_field/2025/form_pscis_2025.gpkg,NA,newgraph_airvine,Yes,No,NA,low,NA,NA,NA,NA,NA,NA,NA,NA,NA,NA,NA,NA,NA,NA,NA,NA,NA,NA,NA,ignore_mobile/photos/20250923_105304.jpg,ignore_mobile/photos/20250923_105318.jpg,ignore_mobile/photos/20250923_105328.jpg,ignore_mobile/photos/20250923_105321.jpg,ignore_mobile/photos/20250923_105312.jpg,ignore_mobile/photos/20250923_105324.jpg,NA,NA,NA,ignore_mobile/photos/20250923_105332.jpg,NA,NA,NA,NA,NA,NA,"<a href=""https://www2.gov.bc.ca/assets/gov/environment/natural-resource-stewardship/land-based-investment/forests-for-tomorrow/field-assessment-for-determining-fish-passage-status-of-cbs.pdf/"">Link to Methods for Fish Passage Assessment</a>",NA,NA,NA,No,Beaverdam 1 m upstream from the inlet. Pipe embedded and pop 10 m is back watered. Smaller stream with some pockets of gravel and decent flow – although there were heavy rains yesterday.,-1,"c(1165719.04269341, 1167161.64084325)",NA
2025-09-23T18:05:58Z,NA,16491533,AI,NA,newgraph_airvine,16491533,newgraph_airvine,NA,NA,NA,196,Tributary To Williston Reservoir ,Finlay FSR ,NA,Sekani R01886 140,Closed Bottom Structure,Round Culvert,Replace with New Open Bottom Structure,2.6,35,"Very large stream with a beaver dam located 30m upstream of the crossing. No outlet drop, but culvert is well undersized for the watershed. Stream width and gradient are rough estimates.",NA,2025-09-23,10,479612,6141425,No,NA,NA,Yes,50,1.6,0,0.25,Yes,1.5,8,3,Yes,No,Deep Fill,Medium,3.08,6,10,0,5,6,27,Barrier,15,~/Projects/gis/sern_peace_fwcp_2023/data_field/2025/form_pscis_2025.gpkg,NA,newgraph_airvine,Yes,No,NA,mod,NA,NA,NA,NA,NA,NA,NA,NA,NA,NA,NA,NA,NA,NA,NA,NA,NA,NA,NA,ignore_mobile/photos/20250923_111843.jpg,ignore_mobile/photos/20250923_111855.jpg,ignore_mobile/photos/20250923_111906.jpg,ignore_mobile/photos/20250923_111901.jpg,ignore_mobile/photos/20250923_111850.jpg,ignore_mobile/photos/20250923_111904.jpg,NA,NA,NA,ignore_mobile/photos/20250923_111910.jpg,NA,NA,NA,NA,NA,NA,"<a href=""https://www2.gov.bc.ca/assets/gov/environment/natural-resource-stewardship/land-based-investment/forests-for-tomorrow/field-assessment-for-determining-fish-passage-status-of-cbs.pdf/"">Link to Methods for Fish Passage Assessment</a>",NA,NA,NA,No,"Very large stream with Beaverdam‘s located 30 m upstream crossing. No outlet drop, but covert is well undersized for the watershed.  Stream with gradient arw rough estimates.",-1.4,"c(1169100.14676881, 1161157.94641154)",NA
2025-09-23T18:26:20Z,NA,16401990,AI,NA,newgraph_airvine,16401990,newgraph_airvine,NA,NA,NA,197,Tributary To Williston Reservoir ,Finlay FSR ,NA,Sekani R10040 25,Closed Bottom Structure,Round Culvert,Replace with New Open Bottom Structure,1,50,"Very large system with extremely undersized pipe that is submerged at the inlet with obvious beaver activity within the pipe itself. Upstream is a huge wetland, beaver-influenced area. Culvert slope estimated as the outlet pool is extremely deep.",NA,2025-09-23,10,480204,6138985,No,NA,NA,No,NA,7,0,1.5,No,3,10,0.5,Yes,No,Deep Fill,Medium,10,6,10,0,10,6,32,Barrier,27,~/Projects/gis/sern_peace_fwcp_2023/data_field/2025/form_pscis_2025.gpkg,NA,newgraph_airvine,Yes,No,NA,mod,NA,NA,NA,NA,NA,NA,NA,NA,NA,NA,NA,NA,NA,NA,NA,NA,NA,NA,NA,ignore_mobile/photos/20250923_113703.jpg,ignore_mobile/photos/20250923_113711.jpg,ignore_mobile/photos/20250923_113724.jpg,ignore_mobile/photos/20250923_113715.jpg,ignore_mobile/photos/20250923_113706.jpg,ignore_mobile/photos/20250923_113720.jpg,NA,NA,NA,ignore_mobile/photos/20250923_113915.jpg,ignore_mobile/photos/20250923_113731.jpg,NA,NA,7m fill,NA,NA,"<!DOCTYPE HTML PUBLIC ""-//W3C//DTD HTML 4.0//EN"" ""http://www.w3.org/TR/REC-html40/strict.dtd"">
<html><head><meta name=""qrichtext"" content=""1"" /><meta charset=""utf-8"" /><style type=""text/css"">
p, li { white-space: pre-wrap; }
hr { height: 1px; border-width: 0; }
li.unchecked::marker { content: ""\2610""; }
li.checked::marker { content: ""\2612""; }
</style></head><body style="" font-family:'Inter'; font-size:14px; font-weight:400; font-style:normal;"">
<p style="" margin-top:0px; margin-bottom:0px; margin-left:0px; margin-right:0px; -qt-block-indent:0; text-indent:0px;""><a href=""https://www2.gov.bc.ca/assets/gov/environment/natural-resource-stewardship/land-based-investment/forests-for-tomorrow/field-assessment-for-determining-fish-passage-status-of-cbs.pdf/""><span style="" text-decoration: underline; color:#007aff;"">Link to Methods for Fish Passage Assessment</span></a></p></body></html>",NA,NA,NA,No,"Very large system with extremely undersized pipe that is submerged at the inlet with obvious beaver activity within the pipe itself. Upstream is a huge wetland, beaver influence area culvert slope estimated as the outlet pool is extremely deep.",4,"c(1169794.62986529, 1158737.99775535)",NA
2025-09-23T19:02:30Z,NA,16401519,AI,NA,newgraph_airvine,16401519,newgraph_airvine,NA,NA,NA,198,Tributary To Williston Reservoir ,Finlay FSR,30.9,MoF,Closed Bottom Structure,Round Culvert,Replace with New Open Bottom Structure,3.9,46,High value habitat on very large system with pipe that has large outlet drop near 1m. Habitat confirmation and eDNA sampling conducted upstream and downstream of the crossing.,NA,2025-09-23,10,486504,6124990,No,NA,NA,No,NA,2.5,0.95,0.5,No,2,6,2,No,No,Deep Fill,High,1.54,6,10,10,5,6,37,Barrier,15,~/Projects/gis/sern_peace_fwcp_2023/data_field/2025/form_pscis_2025.gpkg,NA,newgraph_airvine,Yes,No,NA,high,NA,NA,NA,NA,NA,NA,NA,NA,NA,NA,NA,NA,NA,NA,NA,NA,NA,NA,NA,ignore_mobile/photos/20250923_122814.jpg,ignore_mobile/photos/20250923_122822.jpg,ignore_mobile/photos/20250923_122834.jpg,ignore_mobile/photos/20250923_122827.jpg,ignore_mobile/photos/20250923_122818.jpg,ignore_mobile/photos/20250923_122831.jpg,NA,NA,NA,ignore_mobile/photos/20250923_122849.jpg,NA,NA,NA,NA,NA,NA,"<!DOCTYPE HTML PUBLIC ""-//W3C//DTD HTML 4.0//EN"" ""http://www.w3.org/TR/REC-html40/strict.dtd"">
<html><head><meta name=""qrichtext"" content=""1"" /><meta charset=""utf-8"" /><style type=""text/css"">
p, li { white-space: pre-wrap; }
hr { height: 1px; border-width: 0; }
li.unchecked::marker { content: ""\2610""; }
li.checked::marker { content: ""\2612""; }
</style></head><body style="" font-family:'Inter'; font-size:14px; font-weight:400; font-style:normal;"">
<p style="" margin-top:0px; margin-bottom:0px; margin-left:0px; margin-right:0px; -qt-block-indent:0; text-indent:0px;""><a href=""https://www2.gov.bc.ca/assets/gov/environment/natural-resource-stewardship/land-based-investment/forests-for-tomorrow/field-assessment-for-determining-fish-passage-status-of-cbs.pdf/""><span style="" text-decoration: underline; color:#007aff;"">Link to Methods for Fish Passage Assessment</span></a></p></body></html>",NA,NA,NA,No,High value habitat on very large system with pipe that has large outlet drop near 1 m. Recommend habitat confirmation and eDNA sampling.,-0.5,"c(1176669.59966772, 1144979.23727998)",NA
2025-09-23T19:35:41Z,NA,16401393,AI,NA,newgraph_airvine,16401393,newgraph_airvine,NA,NA,NA,199,Tributary To Williston Reservoir ,Modeste FSR,0.1,MoF,Open Bottom Structure,Bridge,NA,18.3,5,Bridge,NA,2025-09-23,10,486421,6124806,No,NA,NA,No,NA,NA,0,0,No,0,0,0,No,No,NA,NA,0,0,10,0,0,0,10,Passable,NA,~/Projects/gis/sern_peace_fwcp_2023/data_field/2025/form_pscis_2025.gpkg,NA,newgraph_airvine,Yes,No,NA,NA,NA,NA,NA,NA,NA,NA,NA,NA,NA,NA,NA,NA,NA,NA,NA,NA,NA,NA,NA,ignore_mobile/photos/20250923_124048.jpg,ignore_mobile/photos/20250923_124058.jpg,ignore_mobile/photos/20250923_124106.jpg,ignore_mobile/photos/20250923_124101.jpg,ignore_mobile/photos/20250923_124053.jpg,ignore_mobile/photos/20250923_124104.jpg,NA,NA,NA,ignore_mobile/photos/20250923_124110.jpg,NA,NA,NA,NA,NA,NA,"<a href=""https://www2.gov.bc.ca/assets/gov/environment/natural-resource-stewardship/land-based-investment/forests-for-tomorrow/field-assessment-for-determining-fish-passage-status-of-cbs.pdf/"">Link to Methods for Fish Passage Assessment</a>",NA,NA,NA,No,Bridge,NA,"c(1176594.49889472, 1144791.9572667)",NA
2025-09-23T20:05:30Z,NA,16401529,AI,NA,newgraph_airvine,16401529,newgraph_airvine,NA,NA,NA,200,Scovil Creek,Finlay FSR,26,MoF,Closed Bottom Structure,Oval Culvert,Replace with New Open Bottom Structure,4.6,35,Huge stream with abundant gravels and low gradient complex habitat upstream. Smaller outlet drop however pipe is somewhat undersized for the watershed.,NA,2025-09-23,10,486441,6119999,No,NA,NA,No,NA,3,0.2,0.7,No,2,9.3,2,No,No,Deep Fill,High,2.02,6,10,5,5,6,32,Barrier,15,~/Projects/gis/sern_peace_fwcp_2023/data_field/2025/form_pscis_2025.gpkg,NA,newgraph_airvine,Yes,No,NA,mod,NA,NA,NA,NA,NA,NA,NA,NA,NA,NA,NA,NA,NA,NA,NA,NA,NA,NA,NA,ignore_mobile/photos/20250923_132645.jpg,ignore_mobile/photos/20250923_132653.jpg,ignore_mobile/photos/20250923_132704.jpg,ignore_mobile/photos/20250923_132658.jpg,ignore_mobile/photos/20250923_132648.jpg,ignore_mobile/photos/20250923_132701.jpg,NA,NA,NA,ignore_mobile/photos/20250923_132726.jpg,NA,NA,NA,NA,NA,NA,"<a href=""https://www2.gov.bc.ca/assets/gov/environment/natural-resource-stewardship/land-based-investment/forests-for-tomorrow/field-assessment-for-determining-fish-passage-status-of-cbs.pdf/"">Link to Methods for Fish Passage Assessment</a>",NA,NA,NA,No,Huge stream with abundant gravels and low gradient complex habitat upstream. Smaller outlet drop however pipe is somewhat undersized for the water shed.,0,"c(1176819.1225786, 1139974.91297317)",NA
2025-09-23T20:37:14Z,NA,16401530,AI,NA,newgraph_airvine,16401530,newgraph_airvine,NA,NA,NA,201,Tributary To Williston Reservoir ,Finlay FSR,22,Sekani R06855 33,Closed Bottom Structure,Round Culvert,NA,3.5,30,"Low gradient, larger system with abundant gravel. Culvert is fully embedded. Culvert length estimated based on photos.",NA,2025-09-23,10,486707,6116611,Yes,0.27,Yes,No,NA,3,0,0.03,No,0.5,3.7,1,No,No,Deep Fill,High,1.06,6,5,0,0,3,14,Passable,NA,~/Projects/gis/sern_peace_fwcp_2023/data_field/2025/form_pscis_2025.gpkg,NA,newgraph_airvine,Yes,No,NA,low,NA,NA,NA,NA,NA,NA,NA,NA,NA,NA,NA,NA,NA,NA,NA,NA,NA,NA,NA,ignore_mobile/photos/20250923_140547.jpg,ignore_mobile/photos/20250923_140300.jpg,ignore_mobile/photos/20250923_140311.jpg,ignore_mobile/photos/20250923_140304.jpg,ignore_mobile/photos/20250923_140252.jpg,ignore_mobile/photos/20250923_140308.jpg,NA,NA,NA,ignore_mobile/photos/20250923_140327.jpg,NA,NA,NA,NA,NA,NA,"<a href=""https://www2.gov.bc.ca/assets/gov/environment/natural-resource-stewardship/land-based-investment/forests-for-tomorrow/field-assessment-for-determining-fish-passage-status-of-cbs.pdf/"">Link to Methods for Fish Passage Assessment</a>",NA,NA,NA,No,"Low gradient, larger system with abundant gravel. Culvert is fully embedded.",0,"c(1177228.88482413, 1136591.33031074)",NA
2025-09-23T23:59:19Z,NA,16400428,AI,NA,newgraph_airvine,16400428,newgraph_airvine,NA,NA,NA,205,Tributary To Williston Reservoir ,Finl 19000,NA,BCTS,Closed Bottom Structure,Round Culvert,Replace Structure with Streambed Simulation CBS,1.65,16,"Dry, poorly defined channel. Unlikely fish habitat.",NA,2025-09-23,10,488459,6112370,No,NA,NA,No,NA,2,0,0,Yes,2.5,1.5,1.5,No,No,Deep Fill,Low,0.91,3,10,0,5,0,18,Potential,3,~/Projects/gis/sern_peace_fwcp_2023/data_field/2025/form_pscis_2025.gpkg,NA,newgraph_airvine,Yes,No,NA,low,NA,NA,NA,NA,NA,NA,NA,NA,NA,NA,NA,NA,NA,NA,NA,NA,NA,NA,NA,ignore_mobile/photos/20250923_170356.jpg,ignore_mobile/photos/20250923_170403.jpg,ignore_mobile/photos/20250923_170412.jpg,ignore_mobile/photos/20250923_170407.jpg,ignore_mobile/photos/20250923_170358.jpg,ignore_mobile/photos/20250923_170410.jpg,NA,NA,NA,ignore_mobile/photos/20250923_170631.jpg,NA,NA,NA,NA,NA,NA,"<a href=""https://www2.gov.bc.ca/assets/gov/environment/natural-resource-stewardship/land-based-investment/forests-for-tomorrow/field-assessment-for-determining-fish-passage-status-of-cbs.pdf/"">Link to Methods for Fish Passage Assessment</a>",NA,NA,NA,No,Dry poorly defined channel. Unlikely fish habitat,-1,"c(1179154.89370661, 1132415.17786364)",NA
2025-09-24T00:12:15Z,6559,NA,AI,NA,newgraph_airvine,6559,newgraph_airvine,NA,NA,NA,206,Tributary To Williston Reservoir ,Finlay Community Connector,NA,Sekani R01883 83,Closed Bottom Structure,Round Culvert,Replace Structure with Streambed Simulation CBS,0.9,24,Wetland upstream. Stream was not flowing at time of assessment. Small channel downstream. Beaver grate devices on inlet and outlet,NA,2025-09-23,10,489950,6112363,No,NA,NA,No,NA,2.5,1.1,0,No,9,1,1.5,Yes,No,Deep Fill,Low,1.11,3,10,10,10,3,36,Barrier,3,~/Projects/gis/sern_peace_fwcp_2023/data_field/2025/form_pscis_2025.gpkg,NA,newgraph_airvine,No,Yes,NA,low,NA,NA,NA,NA,NA,NA,NA,NA,NA,NA,NA,NA,NA,NA,NA,NA,NA,NA,NA,ignore_mobile/photos/20250923_172243.jpg,ignore_mobile/photos/20250923_172320.jpg,ignore_mobile/photos/20250923_172338.jpg,ignore_mobile/photos/20250923_172328.jpg,ignore_mobile/photos/20250923_172316.jpg,ignore_mobile/photos/20250923_172335.jpg,NA,NA,NA,ignore_mobile/photos/20250923_172343.jpg,NA,NA,NA,NA,NA,NA,"<a href=""https://www2.gov.bc.ca/assets/gov/environment/natural-resource-stewardship/land-based-investment/forests-for-tomorrow/field-assessment-for-determining-fish-passage-status-of-cbs.pdf/"">Link to Methods for Fish Passage Assessment</a>",NA,NA,NA,No,Wetland upstream. Not flowing at time of assessment. Small Channell downstream. Beaver greats devices on inlet and outlet,-0.5,"c(1180641.44927275, 1132470.92475857)",NA
2025-09-15T21:22:42Z,NA,5405342,AI,NA,newgraph_airvine,5405342,newgraph_airvine,NA,NA,NA,154,Tributary To Nadina River ,Tahtsa FSR,NA,FLNR DND,Open Bottom Structure,Pipe Arch,NA,16,2.25,Numerous spawning sockeye immediately adjacent to culvert outlet and upstream. Channel dry at the time of assessment but appears as though this stream joins with and drains the watershed for the stream mapped as larger located to the east approximately 1km. Floodplain modelling shows this.,NA,2025-09-15,9,641843,5984683,No,NA,NA,No,NA,NA,0,0,No,0,0,0,No,No,NA,NA,0,0,10,0,0,0,10,Passable,NA,~/Projects/gis/sern_fraser_2024/data_field/2025/form_pscis_2025.gpkg,NA,newgraph_airvine,Yes,No,NA,NA,NA,NA,NA,NA,NA,NA,NA,NA,NA,NA,NA,NA,NA,NA,NA,NA,NA,NA,NA,ignore_mobile/photos/20250915_142859.jpg,ignore_mobile/photos/20250915_142930.jpg,ignore_mobile/photos/20250915_142938.jpg,ignore_mobile/photos/20250915_142920.jpg,ignore_mobile/photos/20250915_142912.jpg,ignore_mobile/photos/20250915_142935.jpg,NA,NA,NA,NA,NA,NA,NA,NA,NA,NA,"<a href=""https://www2.gov.bc.ca/assets/gov/environment/natural-resource-stewardship/land-based-investment/forests-for-tomorrow/field-assessment-for-determining-fish-passage-status-of-cbs.pdf/"">Link to Methods for Fish Passage Assessment</a>",NA,NA,NA,No,NA,NA,"c(945290.440528835, 998925.621535038)","Numerous spawning sockeye immediately adjacent to culvert outlet and upstream. Channell dry at the time of assessment, but appears as though this stream joins with and drains the watershed for the stream mapped as larger located to the east approximately 1km. Flood plane modelling shows this."
2025-09-15T21:38:14Z,NA,5405348,AI,NA,newgraph_airvine,5405348,newgraph_airvine,NA,NA,NA,155,Tributary To Nadina River ,Tahtsa FSR,NA,FLNR DND,Closed Bottom Structure,Round Culvert,Replace Structure with Streambed Simulation CBS,1,11,Review of floodplain mapping indicates that this watershed actually drains to 1 km west through an open bottom structure. Adjacent land use is for cattle so this may be affecting drainage and habitat health upstream.,NA,2025-09-15,9,642730,5985238,No,NA,NA,No,NA,1,0,0,Yes,4,1.5,3,No,No,Deep Fill,Low,1.5,0,10,0,10,6,26,Barrier,3,~/Projects/gis/sern_fraser_2024/data_field/2025/form_pscis_2025.gpkg,NA,newgraph_airvine,Yes,No,NA,low,1,1,1,3,Pipe is rusted all the way through at the top 1m,1,1,1,4,This cover is not appear to be the main drain for this watershed. Evaluation of floodplain mapping indicates this watershed drains through the larger open bottom of structure located approximately 1 km west.,1,1,1,10,1,3,17,21,"A sockeye spawning area was identified approximately 1km west and the high-value Nadina River is located just downstream; however, this crossing did not appear to receive significant flow, as indicated by the channel type and size.",ignore_mobile/photos/20250915_145119.jpg,ignore_mobile/photos/20250915_145154.jpg,ignore_mobile/photos/20250915_145225.jpg,ignore_mobile/photos/20250915_145201.jpg,ignore_mobile/photos/20250915_145145.jpg,ignore_mobile/photos/20250915_145214.jpg,ignore_mobile/photos/20250915_145228.jpg,NA,NA,ignore_mobile/photos/20250915_145236.jpg,NA,NA,NA,NA,NA,NA,"<a href=""https://www2.gov.bc.ca/assets/gov/environment/natural-resource-stewardship/land-based-investment/forests-for-tomorrow/field-assessment-for-determining-fish-passage-status-of-cbs.pdf/"">Link to Methods for Fish Passage Assessment</a>",NA,NA,NA,No,NA,-2,"c(946197.026434901, 999443.308630065)",Review of flood plane mapping indicates that this watershed actually drains to 1 km West through an open bottom structure. Adjacent land use is for cattle so this may be affecting drainage and habitat health upstream.
2025-09-15T22:14:03Z,NA,5405311,AI,NA,newgraph_airvine,5405311,newgraph_airvine,NA,NA,NA,156,Tributary To Nadina River ,Tahtsa FSR,NA,Canfor R03011 174,Closed Bottom Structure,Round Culvert,Replace with New Open Bottom Structure,0.9,15,"Larger stream than expected, with substantial flow, a large outlet drop, and a significant outlet pool indicating the culvert is likely undersized for the crossing. Some gravels suitable for bull trout spawning were present.",NA,2025-09-15,9,646168,5987669,No,NA,NA,No,NA,1.5,1.1,0.4,No,0,2.3,3.5,No,No,Deep Fill,Medium,2.56,3,10,10,0,6,29,Barrier,15,~/Projects/gis/sern_fraser_2024/data_field/2025/form_pscis_2025.gpkg,NA,newgraph_airvine,Yes,No,NA,mod,1,1,2,4,Some small wood debris blocking the inlet. Large outlet drop and fairly large outlet pool indicate culvert is under size.,3,2,6,10,"Cover appears undersized, however there appears to be a decent buffer distance between here and the likely high value habitat, located downstream in the Nadina river with no infrastructure in between",1,2,8,7,10,3,31,41,Fish presence unknown however it is assumed based on the map gradient. Very remote no traffic road.,ignore_mobile/photos/20250915_152639.jpg,ignore_mobile/photos/20250915_152658.jpg,ignore_mobile/photos/20250915_152709.jpg,ignore_mobile/photos/20250915_152703.jpg,ignore_mobile/photos/20250915_152643.jpg,ignore_mobile/photos/20250915_152707.jpg,NA,NA,NA,ignore_mobile/photos/20250915_152715.jpg,NA,NA,NA,NA,NA,NA,"<a href=""https://www2.gov.bc.ca/assets/gov/environment/natural-resource-stewardship/land-based-investment/forests-for-tomorrow/field-assessment-for-determining-fish-passage-status-of-cbs.pdf/"">Link to Methods for Fish Passage Assessment</a>",NA,NA,NA,No,NA,-1.5,"c(949726.966664558, 1001733.49532263)",Larger stream than expected. Go to lots of flow and large outlet drop and fairly large outlet pool indicate this culvert is well undersized for the crossing. Some gravels suitable for BT spawning present.
2025-09-15T23:11:36Z,NA,5404085,AI,NA,newgraph_airvine,5404085,newgraph_airvine,NA,NA,NA,158,Tributary To Nadina River ,Morice Owen East FSR,NA,MoF,Open Bottom Structure,Bridge,NA,17,5.2,Bridge,NA,2025-09-15,9,655728,5988666,No,NA,NA,No,NA,NA,0,0,No,0,0,0,No,No,NA,NA,0,0,10,0,0,0,10,Passable,NA,~/Projects/gis/sern_fraser_2024/data_field/2025/form_pscis_2025.gpkg,NA,newgraph_airvine,Yes,No,NA,NA,NA,NA,NA,NA,NA,NA,NA,NA,NA,NA,NA,NA,NA,NA,NA,NA,NA,NA,NA,ignore_mobile/photos/20250915_161315.jpg,ignore_mobile/photos/20250915_161328.jpg,ignore_mobile/photos/20250915_161352.jpg,ignore_mobile/photos/20250915_161345.jpg,ignore_mobile/photos/20250915_161324.jpg,ignore_mobile/photos/20250915_161347.jpg,NA,NA,NA,ignore_mobile/photos/20250915_161359.jpg,NA,NA,NA,NA,NA,NA,"<a href=""https://www2.gov.bc.ca/assets/gov/environment/natural-resource-stewardship/land-based-investment/forests-for-tomorrow/field-assessment-for-determining-fish-passage-status-of-cbs.pdf/"">Link to Methods for Fish Passage Assessment</a>",NA,NA,NA,No,NA,NA,"c(959295.125941577, 1002326.87347129)",Bridge
2025-09-15T23:26:47Z,NA,5404090,AI,NA,newgraph_airvine,5404090,newgraph_airvine,NA,NA,NA,159,Tributary To Nadina River ,Morice Owen East FSR,NA,Canfor R13343 11,Open Bottom Structure,Pipe Arch,NA,30,3.6,Pipe Arch,NA,2025-09-15,9,660673,5987470,No,NA,NA,No,NA,NA,0,0,No,0,0,0,No,No,NA,NA,0,0,10,0,0,0,10,Passable,NA,~/Projects/gis/sern_fraser_2024/data_field/2025/form_pscis_2025.gpkg,NA,newgraph_airvine,Yes,No,NA,NA,NA,NA,NA,NA,NA,NA,NA,NA,NA,NA,NA,NA,NA,NA,NA,NA,NA,NA,NA,ignore_mobile/photos/20250915_163133.jpg,ignore_mobile/photos/20250915_163143.jpg,ignore_mobile/photos/20250915_163154.jpg,ignore_mobile/photos/20250915_163148.jpg,ignore_mobile/photos/20250915_163136.jpg,ignore_mobile/photos/20250915_163151.jpg,NA,NA,NA,ignore_mobile/photos/20250915_163158.jpg,NA,NA,NA,NA,NA,NA,"<a href=""https://www2.gov.bc.ca/assets/gov/environment/natural-resource-stewardship/land-based-investment/forests-for-tomorrow/field-assessment-for-determining-fish-passage-status-of-cbs.pdf/"">Link to Methods for Fish Passage Assessment</a>",NA,NA,NA,No,NA,NA,"c(964172.676576511, 1000918.86326836)",NA
2025-09-16T00:01:33Z,NA,5400078,AI,NA,newgraph_airvine,5400078,newgraph_airvine,2069983,NA,NA,160,Van Lear Creek,Colleymount Road,NA,MoTi,Closed Bottom Structure,Oval Culvert,Replace with New Open Bottom Structure,1.7,16,"This is the crossing on Colleymount Road; however, two additional pipes located approximately 10m west and just upstream appear to be remnants of pipes under historic Colleymount Road location. The existing pipe was in poor condition, with rust-through observed along the upstream 2m. The stream was dry at the time of assessment.",NA,2025-09-15,9,666733,5984517,No,NA,NA,No,NA,1,0,0,No,3,2.5,1,No,No,Deep Fill,Low,1.47,3,10,0,10,6,29,Barrier,15,~/Projects/gis/sern_fraser_2024/data_field/2025/form_pscis_2025.gpkg,NA,newgraph_airvine,No,No,NA,low,1,1,1,3,"Culvert in poor shape and rusting through, but no outlet job indicates the pipe is decently sized.",1,1,1,4,Lack of outlet shop indicates that the pipe is decently sized. Road is protected just upstream by parking blocks that are located at the outlet of the historic pipes just upstream.,1,5,5,5,10,5,31,35,Stream flows through Noralee West recreation site. Culvert is located approximately 50m upstream of Francois Lake.  Assumed fish bearing during non-dry times of year due to location adjacent to the lake and low gradient,ignore_mobile/photos/20250915_171826.jpg,ignore_mobile/photos/20250915_171844.jpg,ignore_mobile/photos/20250915_171858.jpg,ignore_mobile/photos/20250915_171850.jpg,ignore_mobile/photos/20250915_171830.jpg,ignore_mobile/photos/20250915_171855.jpg,ignore_mobile/photos/20250915_171901.jpg,NA,NA,ignore_mobile/photos/20250915_171908.jpg,ignore_mobile/photos/20250915_174631.jpg,NA,NA,Adjacent rec site,NA,NA,"<a href=""https://www2.gov.bc.ca/assets/gov/environment/natural-resource-stewardship/land-based-investment/forests-for-tomorrow/field-assessment-for-determining-fish-passage-status-of-cbs.pdf/"">Link to Methods for Fish Passage Assessment</a>",NA,NA,NA,No,NA,-2,"c(970086.391510178, 997703.049396822)",This is the crossing on CollieyMount Road however there are also two pipes approximately 10 m west and just upstream that are likely historically were within Colleyount Road. Pipe is in poor condition with rust all the way through for the top upstream 2 m. Stream was dry at Time of assessment.
2025-09-16T00:25:33Z,NA,5400047,AI,NA,newgraph_airvine,5400047,newgraph_airvine,2070181,2090182,NA,161,Van Lear Creek,Unnamed,NA,MoTi ,Closed Bottom Structure,Round Culvert,Replace with New Open Bottom Structure,1.5,40,"This pipe, along with the adjacent overflow pipe, appeared to be located under what was likely the historic alignment of Colleymount Road. Approximately 3–4m downstream of the outlets, the road was armored with parking blocks that directed flow west into the oval culvert beneath the current road. The channel was dry at the time of assessment.",NA,2025-09-15,9,666752,5984529,No,NA,No,No,NA,2.5,0,0,Yes,3,2.5,1,No,No,Deep Fill,Low,1.67,6,10,0,10,6,32,Barrier,15,~/Projects/gis/sern_fraser_2024/data_field/2025/form_pscis_2025.gpkg,NA,newgraph_airvine,Yes,No,No,low,NA,NA,1,NA,NA,1,1,1,NA,NA,1,1,1,1,0,1,5,NA,NA,ignore_mobile/photos/20250915_173401.jpg,ignore_mobile/photos/20250915_173538.jpg,ignore_mobile/photos/20250915_173527.jpg,ignore_mobile/photos/20250915_173522.jpg,ignore_mobile/photos/20250915_173434.jpg,ignore_mobile/photos/20250915_173514.jpg,NA,NA,NA,ignore_mobile/photos/20250915_173545.jpg,ignore_mobile/photos/20250915_174652.jpg,NA,NA,Adjacent rec site,NA,NA,"<!DOCTYPE HTML PUBLIC ""-//W3C//DTD HTML 4.0//EN"" ""http://www.w3.org/TR/REC-html40/strict.dtd"">
<html><head><meta name=""qrichtext"" content=""1"" /><style type=""text/css"">
p, li { white-space: pre-wrap; }
</style></head><body style="" font-family:'.AppleSystemUIFont'; font-size:13pt; font-weight:400; font-style:normal;"">
<p style="" margin-top:0px; margin-bottom:0px; margin-left:0px; margin-right:0px; -qt-block-indent:0; text-indent:0px;""><a href=""https://www2.gov.bc.ca/assets/gov/environment/natural-resource-stewardship/land-based-investment/forests-for-tomorrow/field-assessment-for-determining-fish-passage-status-of-cbs.pdf/""><span style="" font-family:'Inter'; font-size:14px; text-decoration: underline; color:#007aff;"">Link to Methods for Fish Passage Assessment</span></a></p></body></html>",NA,NA,NA,No,NA,-0.5,"c(970105.082806636, 997713.919378952)","This pipe as well as the overflow appear to be under what was likely the historic location of Colieymount Road. Personally, 3 to 4 m from the outlets, the road is armoured with parking blocks which direct the flow west into the oval culvert underneath the current road. Dry at time of assessment,"
2025-09-16T01:10:03Z,NA,5400321,AI,NA,newgraph_airvine,5400321,newgraph_airvine,54,3302517,NA,162,Cordell’s Creek,Colleymount Creek,NA,MoTi,Closed Bottom Structure,Oval Culvert,Replace with New Open Bottom Structure,2.2,21,"Very nice stream with good flow and abundant, small gravel upstream and down. There is a boulder line approximately 3m downstream of the outlet that has removed the outlet drop but creates a ~40cm high cascade. Outlet of culvert is approximately 25m from François lake.",NA,2025-09-15,9,681754,5988177,Yes,0.06,Yes,No,NA,1,0,0.2,No,1,3.2,3.5,No,No,Deep Fill,High,1.45,3,5,0,5,6,19,Potential,15,~/Projects/gis/sern_fraser_2024/data_field/2025/form_pscis_2025.gpkg,NA,newgraph_airvine,Yes,No,No,mod,1,1,1,3,Culvert appears to be getting old but is in decent shape. No outlet drop.,2,2,4,7,Culvert is 25 m upstream from François Lake,3,5,6,5,10,8,37,44,"Unpaved road with low traffic volume, but access would likely be difficult or impossible via the ferry if the road were closed.",ignore_mobile/photos/20250915_182557.jpg,ignore_mobile/photos/20250915_182606.jpg,ignore_mobile/photos/20250915_182624.jpg,ignore_mobile/photos/20250915_182613.jpg,ignore_mobile/photos/20250915_182601.jpg,ignore_mobile/photos/20250915_182621.jpg,NA,NA,NA,ignore_mobile/photos/20250915_182642.jpg,ignore_mobile/photos/20250915_182631.jpg,NA,NA,Boulder line ,NA,NA,"<!DOCTYPE HTML PUBLIC ""-//W3C//DTD HTML 4.0//EN"" ""http://www.w3.org/TR/REC-html40/strict.dtd"">
<html><head><meta name=""qrichtext"" content=""1"" /><style type=""text/css"">
p, li { white-space: pre-wrap; }
</style></head><body style="" font-family:'.AppleSystemUIFont'; font-size:13pt; font-weight:400; font-style:normal;"">
<p style="" margin-top:0px; margin-bottom:0px; margin-left:0px; margin-right:0px; -qt-block-indent:0; text-indent:0px;""><a href=""https://www2.gov.bc.ca/assets/gov/environment/natural-resource-stewardship/land-based-investment/forests-for-tomorrow/field-assessment-for-determining-fish-passage-status-of-cbs.pdf/""><span style="" text-decoration: underline; color:#0080ff;"">Link to Methods for Fish Passage Assessment</span></a></p></body></html>",NA,NA,NA,No,NA,-2,"c(985208.315849213, 1000731.72018594)","Very nice stream with good flow and abundant, small gravel upstream and down. There is a folder line approximately 3 m downstream of the outlet that has removed all outlet drop but is a approximately 40 cm high cascade. Outlet of culvert is approximately 25 m from François lake."
2025-09-24T21:56:28Z,NA,19703295,AI,NA,newgraph_airvine,19703295,newgraph_airvine,NA,NA,NA,211,Tributary To Fraser River ,Railway,NA,CN Rail,Closed Bottom Structure,Concrete Box,Replace with New Open Bottom Structure,2.1,50,Large concrete box structure with the outlet directly on the floodolain of the Fraser River. When the river is 2.5 - 3.5m higher the structure would backwater. Appears that the high watermark is near level with the outlet of the culvert.,NA,2025-09-24,10,526469,5985767,No,NA,No,No,NA,9.9,2.5,0.1,No,2.5,4,2.5,No,Yes,Deep Fill,Medium,1.9,6,10,10,5,6,37,Barrier,35.5,~/Projects/gis/sern_fraser_2024/data_field/2025/form_pscis_2025.gpkg,NA,newgraph_airvine,Yes,No,Yes,low,NA,NA,1,NA,NA,1,1,1,NA,NA,1,1,1,1,0,1,5,NA,NA,ignore_mobile/photos/20250924_152028.jpg,ignore_mobile/photos/20250924_152059.jpg,ignore_mobile/photos/20250924_152114.jpg,ignore_mobile/photos/20250924_152104.jpg,ignore_mobile/photos/20250924_152053.jpg,ignore_mobile/photos/20250924_152109.jpg,NA,NA,NA,ignore_mobile/photos/20250924_152141.jpg,NA,NA,NA,NA,NA,NA,"<!DOCTYPE HTML PUBLIC ""-//W3C//DTD HTML 4.0//EN"" ""http://www.w3.org/TR/REC-html40/strict.dtd"">
<html><head><meta name=""qrichtext"" content=""1"" /><style type=""text/css"">
p, li { white-space: pre-wrap; }
</style></head><body style="" font-family:'.AppleSystemUIFont'; font-size:13pt; font-weight:400; font-style:normal;"">
<p style="" margin-top:0px; margin-bottom:0px; margin-left:0px; margin-right:0px; -qt-block-indent:0; text-indent:0px;""><a href=""https://www2.gov.bc.ca/assets/gov/environment/natural-resource-stewardship/land-based-investment/forests-for-tomorrow/field-assessment-for-determining-fish-passage-status-of-cbs.pdf/""><span style="" text-decoration: underline; color:#0080ff;"">Link to Methods for Fish Passage Assessment</span></a></p></body></html>",NA,NA,NA,No,NA,6.9,"c(1222424.29692229, 1007135.52006379)",Large concrete box structure with the outlet directly on the flood plane of the Fraser. When the river is 2 1/2 to 3.5 m Higher the structure would backwater. Appears that the high watermark is near level with the outlet of the culvert
2025-09-25T00:42:25Z,196076,NA,AI,NA,newgraph_airvine,196076,newgraph_airvine,NA,NA,NA,214,Tributary To Fraser River ,Beaver FSR,NA,McLean R02924 A,Closed Bottom Structure,Round Culvert,Replace with New Open Bottom Structure,1.2,50,"Very long culvert in poor condition, with water flowing out through the eroded pipe bottom rather than the outlet, which landed on a dry boulder riprap cascade. Large beaver dams began approximately 50–100m downstream. Habitat confirmation was conducted upstream and downstream of the crossing, as well as at the railway crossing approximately 1.5km downstream near the Fraser River.",NA,2025-09-24,10,527373,5985002,No,NA,No,No,NA,4.5,0.55,0.1,No,2,4,3,Yes,Yes,Deep Fill,Medium,3.33,6,10,10,5,6,37,Barrier,19.5,~/Projects/gis/sern_fraser_2024/data_field/2025/form_pscis_2025.gpkg,NA,newgraph_airvine,No,No,Yes,mod,NA,NA,1,NA,NA,1,1,1,NA,NA,1,1,1,1,0,1,5,NA,NA,ignore_mobile/photos/20250924_174346.jpg,ignore_mobile/photos/20250924_174355.jpg,ignore_mobile/photos/20250924_174408.jpg,ignore_mobile/photos/20250924_174400.jpg,ignore_mobile/photos/20250924_174348.jpg,ignore_mobile/photos/20250924_174406.jpg,ignore_mobile/photos/20250924_174411.jpg,NA,NA,ignore_mobile/photos/20250924_174449.jpg,NA,NA,NA,NA,NA,NA,"<!DOCTYPE HTML PUBLIC ""-//W3C//DTD HTML 4.0//EN"" ""http://www.w3.org/TR/REC-html40/strict.dtd"">
<html><head><meta name=""qrichtext"" content=""1"" /><style type=""text/css"">
p, li { white-space: pre-wrap; }
</style></head><body style="" font-family:'.AppleSystemUIFont'; font-size:13pt; font-weight:400; font-style:normal;"">
<p style="" margin-top:0px; margin-bottom:0px; margin-left:0px; margin-right:0px; -qt-block-indent:0; text-indent:0px;""><a href=""https://www2.gov.bc.ca/assets/gov/environment/natural-resource-stewardship/land-based-investment/forests-for-tomorrow/field-assessment-for-determining-fish-passage-status-of-cbs.pdf/""><span style="" font-family:'Inter'; font-size:14px; text-decoration: underline; color:#007aff;"">Link to Methods for Fish Passage Assessment</span></a></p></body></html>",NA,NA,NA,No,NA,1.5,"c(1223357.13480555, 1006407.57031543)",Very long cover in poor shape. Outlet land on Boulder rip wrap cascade is currently dry as the water is falling out through the bottom of the eroded pipe. Downstream 50 to 100 m very large beaver dams begin. Habitat confirmation conducted downstream and upstream as well as upstream and downstream of the railway located approximately 1.5 km downstream adjacent to the Fraser river
2025-09-25T21:43:56Z,196085,NA,AI,NA,newgraph_airvine,196085,newgraph_airvine,31046,NA,NA,218,Tabor Creek ,Willow-Cale Frs,NA,MoTi,Closed Bottom Structure,Oval Culvert,Replace with New Open Bottom Structure,4,32,"Work was completed in 2019 to backwater the outlet and remove the outlet drop as well as to put baffles within the culvert. Routine monitoring form also filled out a can be found in accompanying report. eDNA collected in 2025 upstream and downstream of this crossing as well as above the railway crossing upstream, see report for results.",NA,2025-09-25,10,518498,5962011,No,NA,No,No,NA,4,0,1,No,2.5,10,2.5,No,Yes,Deep Fill,Medium,2.5,6,10,0,5,6,27,Barrier,18,~/Projects/gis/sern_fraser_2024/data_field/2025/form_pscis_2025.gpkg,NA,newgraph_airvine,No,No,Yes,mod,1,1,1,3,No evidence of embankment eroding or damage to repairs conducted in 2019,2,1,2,5,No infrastructure located downstream and structure appears well,6,10,2,2,10,8,38,43,"Due to low summer flows, the stream did not appear to provide high habitat value for salmon species, which have been confirmed in the system (CO downstream). Given the size of the system and the extensive fill, culvert replacement would likely require a multi-year effort.",ignore_mobile/photos/20250925_145200.jpg,ignore_mobile/photos/20250925_145205.jpg,ignore_mobile/photos/20250925_145236.jpg,ignore_mobile/photos/20250925_145221.jpg,ignore_mobile/photos/20250925_145202.jpg,ignore_mobile/photos/20250925_145229.jpg,NA,NA,NA,ignore_mobile/photos/20250925_145249.jpg,NA,NA,NA,NA,NA,NA,"<!DOCTYPE HTML PUBLIC ""-//W3C//DTD HTML 4.0//EN"" ""http://www.w3.org/TR/REC-html40/strict.dtd"">
<html><head><meta name=""qrichtext"" content=""1"" /><style type=""text/css"">
p, li { white-space: pre-wrap; }
</style></head><body style="" font-family:'.AppleSystemUIFont'; font-size:13pt; font-weight:400; font-style:normal;"">
<p style="" margin-top:0px; margin-bottom:0px; margin-left:0px; margin-right:0px; -qt-block-indent:0; text-indent:0px;""><a href=""https://www2.gov.bc.ca/assets/gov/environment/natural-resource-stewardship/land-based-investment/forests-for-tomorrow/field-assessment-for-determining-fish-passage-status-of-cbs.pdf/""><span style="" text-decoration: underline; color:#0080ff;"">Link to Methods for Fish Passage Assessment</span></a></p></body></html>",NA,NA,NA,No,NA,1,"c(1215488.52874262, 982990.788153387)","Work was completed in 2019 to back water the outlet and remove the outlet drop as well as to put baffles within the culvert.

Routine monitoring form also filled out a can be found in accompanying report"
2025-09-25T23:52:04Z,NA,19703257,AI,NA,newgraph_airvine,19703257,newgraph_airvine,NA,NA,NA,223,Tabor Creek,Railway,NA,CN Rail,Closed Bottom Structure,Round Culvert,Replace with New Open Bottom Structure,5.2,50,Two pipes at 2.6 m each. Pipes are in decent shape although it appears they had metal skirt sections (previously attached to bottom of pipes) at the outlets that have ripped off. Difficult to determine the size of the outlet drop as the stream was dry at the time of assessment. Culvert also crosses underneath a road and powerline on the east side of the railway,NA,2025-09-25,10,518844,5961981,No,NA,NA,No,NA,10,0.3,1,No,0.5,10,1.5,No,Yes,Deep Fill,Medium,1.92,6,10,10,0,6,32,Barrier,36,~/Projects/gis/sern_fraser_2024/data_field/2025/form_pscis_2025.gpkg,NA,newgraph_airvine,No,No,Yes,mod,NA,NA,NA,NA,NA,NA,NA,NA,NA,NA,NA,NA,NA,NA,NA,NA,NA,NA,NA,ignore_mobile/photos/20250925_170849.jpg,ignore_mobile/photos/20250925_170448.jpg,ignore_mobile/photos/20250925_170516.jpg,ignore_mobile/photos/20250925_170453.jpg,ignore_mobile/photos/20250925_170000.jpg,ignore_mobile/photos/20250925_170501.jpg,NA,NA,ignore_mobile/photos/20250925_170523.jpg,ignore_mobile/photos/20250925_170552.jpg,ignore_mobile/photos/20250925_170009.jpg,NA,NA,Barrel2,NA,NA,"<!DOCTYPE HTML PUBLIC ""-//W3C//DTD HTML 4.0//EN"" ""http://www.w3.org/TR/REC-html40/strict.dtd"">
<html><head><meta name=""qrichtext"" content=""1"" /><meta charset=""utf-8"" /><style type=""text/css"">
p, li { white-space: pre-wrap; }
hr { height: 1px; border-width: 0; }
li.unchecked::marker { content: ""\2610""; }
li.checked::marker { content: ""\2612""; }
</style></head><body style="" font-family:'Inter'; font-size:14px; font-weight:400; font-style:normal;"">
<p style="" margin-top:0px; margin-bottom:0px; margin-left:0px; margin-right:0px; -qt-block-indent:0; text-indent:0px;""><a href=""https://www2.gov.bc.ca/assets/gov/environment/natural-resource-stewardship/land-based-investment/forests-for-tomorrow/field-assessment-for-determining-fish-passage-status-of-cbs.pdf/""><span style="" text-decoration: underline; color:#007aff;"">Link to Methods for Fish Passage Assessment</span></a></p></body></html>",NA,NA,NA,No,NA,7,"c(1215835.17938687, 982975.59625483)",Two pipes at 2.6 m each. Pipes are in decent shape although it appears they had skirts at the outlets that have ripped off. Difficult to determine the size of the outlet drop as the stream was dry at the time of assessment.  Culvert also crosses underneath a road and powerline on the east side of the railway
2025-10-05T17:09:47Z,NA,24403467,AI,NA,newgraph_airvine,24403467,newgraph_airvine,NA,NA,NA,259,Tributary To Willow River,Willow FSR,NA,MoF,Closed Bottom Structure,Round Culvert,Replace with New Open Bottom Structure,1.25,19,"Nice habitat downstream with abundant gravels, shallow pools, and woody debris. EDNA collected downstream. Wetland upstream. Two pipes with only one actively passing water at the time of survey, both 1.25m in diameter. Beaver grate on the inlet of the pipe.",NA,2025-10-05,10,570742,5925896,No,NA,No,No,NA,1,0.65,0.85,No,1.5,3.2,3.5,Yes,No,Deep Fill,Medium,2.56,3,10,10,5,6,34,Barrier,15,~/Projects/gis/sern_fraser_2024/data_field/2025/form_pscis_2025.gpkg,NA,newgraph_airvine,Yes,No,No,mod,NA,NA,1,NA,NA,1,1,1,NA,NA,1,1,1,1,0,1,5,NA,NA,ignore_mobile/photos/20251005_105223.jpg,ignore_mobile/photos/20251005_105237.jpg,ignore_mobile/photos/20251005_105320.jpg,ignore_mobile/photos/20251005_105248.jpg,ignore_mobile/photos/20251005_105230.jpg,ignore_mobile/photos/20251005_105253.jpg,NA,NA,NA,ignore_mobile/photos/20251005_105352.jpg,ignore_mobile/photos/20251005_105333.jpg,NA,NA,Downstream2,NA,NA,"<!DOCTYPE HTML PUBLIC ""-//W3C//DTD HTML 4.0//EN"" ""http://www.w3.org/TR/REC-html40/strict.dtd"">
<html><head><meta name=""qrichtext"" content=""1"" /><style type=""text/css"">
p, li { white-space: pre-wrap; }
</style></head><body style="" font-family:'.AppleSystemUIFont'; font-size:13pt; font-weight:400; font-style:normal;"">
<p style="" margin-top:0px; margin-bottom:0px; margin-left:0px; margin-right:0px; -qt-block-indent:0; text-indent:0px;""><a href=""https://www2.gov.bc.ca/assets/gov/environment/natural-resource-stewardship/land-based-investment/forests-for-tomorrow/field-assessment-for-determining-fish-passage-status-of-cbs.pdf/""><span style="" text-decoration: underline; color:#0080ff;"">Link to Methods for Fish Passage Assessment</span></a></p></body></html>",NA,NA,NA,No,NA,-2,"c(1269105.43018988, 949007.318141264)","Nice habitat, downstream with abundant gravels and shallow pools and Woody debris. EDNA collected downstream. Wetland upstream. Two pipes with only one actively passing water at the time of survey both 1.25 m in diameter. Beaver great on the inlet of the pipe"
2025-10-05T18:06:52Z,NA,24403486,AI,NA,newgraph_airvine,24403486,newgraph_airvine,NA,NA,NA,261,Tributary To Willow River,Willow FSR ,NA,MoF,Closed Bottom Structure,Round Culvert,Replace with New Open Bottom Structure,1.1,12,Small stream with good flow. Small gravels upstream and downstream. Culvert was backwatered 100% at the time of survey.,NA,2025-10-05,10,572013,5922265,No,NA,No,Yes,100,1,0,0.5,Yes,0.5,2,3.5,No,No,Deep Fill,Medium,1.82,0,10,0,0,6,16,Potential,15,~/Projects/gis/sern_fraser_2024/data_field/2025/form_pscis_2025.gpkg,NA,newgraph_airvine,Yes,No,No,low,NA,NA,1,NA,NA,1,1,1,NA,NA,1,1,1,1,0,1,5,NA,NA,ignore_mobile/photos/20251005_111942.jpg,ignore_mobile/photos/20251005_111953.jpg,ignore_mobile/photos/20251005_112009.jpg,ignore_mobile/photos/20251005_111958.jpg,ignore_mobile/photos/20251005_111945.jpg,ignore_mobile/photos/20251005_112003.jpg,NA,NA,NA,NA,ignore_mobile/photos/20251005_112045.jpg,NA,NA,Gravels upstream,NA,NA,"<!DOCTYPE HTML PUBLIC ""-//W3C//DTD HTML 4.0//EN"" ""http://www.w3.org/TR/REC-html40/strict.dtd"">
<html><head><meta name=""qrichtext"" content=""1"" /><style type=""text/css"">
p, li { white-space: pre-wrap; }
</style></head><body style="" font-family:'.AppleSystemUIFont'; font-size:13pt; font-weight:400; font-style:normal;"">
<p style="" margin-top:0px; margin-bottom:0px; margin-left:0px; margin-right:0px; -qt-block-indent:0; text-indent:0px;""><a href=""https://www2.gov.bc.ca/assets/gov/environment/natural-resource-stewardship/land-based-investment/forests-for-tomorrow/field-assessment-for-determining-fish-passage-status-of-cbs.pdf/""><span style="" text-decoration: underline; color:#0080ff;"">Link to Methods for Fish Passage Assessment</span></a></p></body></html>",NA,NA,NA,No,NA,-2,"c(1270528.01698927, 945423.313458425)",Small stream with good flow. Small gravels upstream and downstream. Culvert is back watered 100% at time of survey.
2025-10-05T18:53:10Z,126158,NA,AI,NA,newgraph_airvine,126158,newgraph_airvine,NA,NA,NA,262,Tributary To Stony Lake,Willow FSR,NA,MoF,Closed Bottom Structure,Round Culvert,Replace with New Open Bottom Structure,1.5,37,Huge outlet drop. Habitat confirmation assessments and EDNA samples conducted upstream and downstream. of the crossing. Originally prioritized by HOOFT in 2015.,NA,2025-10-05,10,577622,5918587,No,NA,No,No,NA,8,1.6,1.2,No,2.5,4.2,3,No,No,Deep Fill,Medium,2.8,6,10,10,5,6,37,Barrier,30,~/Projects/gis/sern_fraser_2024/data_field/2025/form_pscis_2025.gpkg,NA,newgraph_airvine,No,No,Yes,high,NA,NA,1,NA,NA,1,1,1,NA,NA,1,1,1,1,0,1,5,NA,NA,ignore_mobile/photos/20251005_130958.jpg,ignore_mobile/photos/20251005_131020.jpg,ignore_mobile/photos/20251005_131043.jpg,ignore_mobile/photos/20251005_131025.jpg,ignore_mobile/photos/20251005_131005.jpg,ignore_mobile/photos/20251005_131029.jpg,NA,NA,NA,ignore_mobile/photos/20251005_131116.jpg,NA,NA,NA,NA,NA,NA,"<!DOCTYPE HTML PUBLIC ""-//W3C//DTD HTML 4.0//EN"" ""http://www.w3.org/TR/REC-html40/strict.dtd"">
<html><head><meta name=""qrichtext"" content=""1"" /><style type=""text/css"">
p, li { white-space: pre-wrap; }
</style></head><body style="" font-family:'.AppleSystemUIFont'; font-size:13pt; font-weight:400; font-style:normal;"">
<p style="" margin-top:0px; margin-bottom:0px; margin-left:0px; margin-right:0px; -qt-block-indent:0; text-indent:0px;""><a href=""https://www2.gov.bc.ca/assets/gov/environment/natural-resource-stewardship/land-based-investment/forests-for-tomorrow/field-assessment-for-determining-fish-passage-status-of-cbs.pdf/""><span style="" text-decoration: underline; color:#0080ff;"">Link to Methods for Fish Passage Assessment</span></a></p></body></html>",hooft2015Fishpassage,NA,NA,No,NA,5,"c(1276275.80614654, 941975.419583553)","Huge outlet drop. Habitat, confirmation and EDNA stations upstream and downstream. Originally prioritized by HOOFT in 2015."
2025-10-05T23:37:04Z,196332,NA,AI,NA,newgraph_airvine,196332,newgraph_airvine,NA,NA,NA,266,South Yuzkli Creek ,24 Y Road,NA,W Fraser R14273 100S,Closed Bottom Structure,Round Culvert,Replace with New Open Bottom Structure,1.2,23,Steep pipe with large outlet drop. Prioritized in Hooft 2015. Bull Trout documented just downstream of the crossing in 2014.,NA,2025-10-05,10,578271,5895125,No,NA,NA,No,NA,3,0.6,0.7,Yes,6.5,3.4,8,No,No,Deep Fill,Medium,2.83,3,10,10,10,6,39,Barrier,15,~/Projects/gis/sern_fraser_2024/data_field/2025/form_pscis_2025.gpkg,NA,newgraph_airvine,No,No,Yes,high,NA,NA,NA,NA,NA,NA,NA,NA,NA,NA,NA,NA,NA,NA,NA,NA,NA,NA,NA,ignore_mobile/photos/20251005_164607.jpg,ignore_mobile/photos/20251005_170158.jpg,ignore_mobile/photos/20251005_164154.jpg,ignore_mobile/photos/20251005_170202.jpg,ignore_mobile/photos/20251005_164132.jpg,ignore_mobile/photos/20251005_164139.jpg,NA,NA,NA,NA,NA,NA,NA,NA,NA,NA,"<!DOCTYPE HTML PUBLIC ""-//W3C//DTD HTML 4.0//EN"" ""http://www.w3.org/TR/REC-html40/strict.dtd"">
<html><head><meta name=""qrichtext"" content=""1"" /><meta charset=""utf-8"" /><style type=""text/css"">
p, li { white-space: pre-wrap; }
hr { height: 1px; border-width: 0; }
li.unchecked::marker { content: ""\2610""; }
li.checked::marker { content: ""\2612""; }
</style></head><body style="" font-family:'Inter'; font-size:14px; font-weight:400; font-style:normal;"">
<p style="" margin-top:0px; margin-bottom:0px; margin-left:0px; margin-right:0px; -qt-block-indent:0; text-indent:0px;""><a href=""https://www2.gov.bc.ca/assets/gov/environment/natural-resource-stewardship/land-based-investment/forests-for-tomorrow/field-assessment-for-determining-fish-passage-status-of-cbs.pdf/""><span style="" text-decoration: underline; color:#007aff;"">Link to Methods for Fish Passage Assessment</span></a></p></body></html>",hooft2015Fishpassage,NA,NA,No,NA,0,"c(1277925.54737504, 918494.306933265)",Steep pipe with large outlet drop. Prioritized in Hooft 2015.
2025-09-29T23:38:58Z,197962,NA,AI,NA,NA,197962,NA,NA,NA,NA,244,Peacock Creek,Morice FSR,7.8,MoF,OBS,BRIDGE,NA,20,10,Bridge span estimated from photos.,NA,2025-09-29,9,643459,6025883,No,NA,NA,No,NA,NA,0,0,NA,0,0,0,No,No,NA,NA,0,0,0,0,0,0,0,Passable,NA,~/Projects/gis/sern_skeena_2023/data_field/2025/form_pscis_2025.gpkg,NA,NA,NA,yes,NA,NA,NA,NA,NA,NA,NA,NA,NA,NA,NA,NA,NA,NA,NA,NA,NA,NA,NA,NA,NA,NA,NA,NA,NA,NA,NA,NA,NA,NA,NA,NA,NA,NA,NA,NA,NA,NA,NA,NA,NA,NA,NA,NA,"c(948646.700731341, 1040138.13668767)",NA
2025-10-04T17:30:26Z,124421,NA,AI,NA,NA,124421,NA,NA,NA,NA,NA,Waterfall Creek,11th Avenue,NA,Hazelton,OBS,FORD,NA,10,3,This culvert has been removed and the road deactivated by Gitksan Watershed Authorities. Width and length estimated based on photos.,NA,2025-10-04,9,589465,6123045,No,NA,NA,No,NA,NA,0,0,NA,0,0,0,No,No,NA,NA,0,0,0,0,0,0,0,Passable,NA,~/Projects/gis/sern_skeena_2023/data_field/2025/form_pscis_2025.gpkg,NA,NA,NA,yes,NA,NA,NA,NA,NA,NA,NA,NA,NA,NA,NA,NA,NA,NA,NA,NA,NA,NA,NA,NA,NA,NA,NA,NA,NA,NA,NA,NA,NA,NA,NA,NA,NA,NA,NA,NA,NA,NA,NA,NA,NA,NA,NA,NA,"c(898973.775570317, 1139800.99367515)",NA
