site_id,stream_name,site_description_general,site_description_habitat_type,date_time_sample,date_time_storage,depth_sample,crew_members_sample,crew_members_filter,mergin_user,camera_id,gps_id,gps_waypoint_id,method_sample,method_preservation,utm_zone,utm_easting,utm_northing,filter_size_um,filter_type,filter_size_prefilter_um,filter_volume_l,filter_time_start,filter_time_end,filter_time,species_target,control_blank_field,control_blank_office,control_species_present_field,species_detected_lab,temperature,conductivity_us,ph,tubidity_ntu,comments_field,assessment_electrofishing,assessment_habitat,assessment_stream_crossing,assessment_uav_flight,assessment_benthic,lab_id,date_lab_submitted,date_lab_processed,comments_lab,photo_site,photo_upstream,photo_downstream,photo_extra1,photo_extra1_tag,photo_extra2,photo_extra2_tag,photo_extra3,photo_extra3_tag,methods_link1,methods_link2,methods_link3,easting,northing
125179_ds_ed1a,Tributary to Missinka River ,Collected samples roughly 35m downstream of bridge on right bank. Just downstream of the bottom of the EF site,Riffle ,2025-09-13T18:00:22Z,,,Ls,AI,newgraph_lschick,newgraph_lschick,newgraph_lschick,430,Grab ,silica,10,,,1,Mce,,3,2025-09-15T07:20:20Z,,250,BT GR RB KO,,,,,7.7,66,8.9,,Filtered day after - at night - at hotel . Samples kept in fridge. Filter time is rough estimate as timer was not on for the entire filtering session.,TRUE,,,,,,,,,ignore_mobile/photos/20250913_153552.jpg,ignore_mobile/photos/20250913_153554.jpg,ignore_mobile/photos/20250913_153556.jpg,ignore_mobile/photos/20250913_153559.jpg,Card,,,,,"<a href=""https://waves-vagues.dfo-mpo.gc.ca/library-bibliotheque/40960791.pdf"">Link to Methods1</a>",,,570276,6052824
125179_us_ed1a,Tributary to Missinka River,Sample collected 3m upstream of bridge on left bank. No waypoint but at bridge so see PSCIS UTM.,Riffe,2025-09-13T20:08:59Z,,0.1,AI,AI,newgraph_airvine,newgraph_airvine,newgraph_airvine,,Grab,silica,10,,,1,Mce,,3,2025-09-15T07:50:03Z,,280,BT GR RB KO,TRUE,,TRUE,,8.9,66,7.7,,grayling -  check code. Rainbow confirmed with electrofish. Filtering conducted back at hotel the day after sampling.,TRUE,TRUE,,,,,,,,ignore_mobile/photos/20250913_131047.jpg,ignore_mobile/photos/20250913_131049.jpg,ignore_mobile/photos/20250913_131051.jpg,ignore_mobile/photos/20250913_131054.jpg,Card,,,,,"<a href=""https://waves-vagues.dfo-mpo.gc.ca/library-bibliotheque/40960791.pdf"">Link to Methods1</a>",,,570321,6052833
125179_ds_ed1b,,Office blank,,2025-09-15T06:40:42Z,2025-09-15T06:43:26Z,,AI,AI,newgraph_airvine,newgraph_airvine,newgraph_airvine,,Grab,Silica,10,,,1,Mce,,1,,,90,BT GR RB KO,,TRUE,,,,,,,Office blank,,,,,,,,,,ignore_mobile/photos/20250914_234259.jpg,,,,,,,,,"<a href=""https://waves-vagues.dfo-mpo.gc.ca/library-bibliotheque/40960791.pdf"">Link to Methods1</a>",,,511387,5978751
125179_us_ed1b,,Office blank.,,2025-09-15T07:51:00Z,2025-09-15T07:51:21Z,,AI,AI,newgraph_airvine,newgraph_airvine,newgraph_airvine,,Grab,Silica,10,,,1,Mce,,1,2025-09-15T07:51:57Z,,45,BT GR RB KO,,TRUE,,,,,,,"Control blank conducted at the office. Filter time does not include the time to dry the filter, which is actually the first time I have not recorded that. Basically all filter times are to be considered unreliable
                    ",,,,,,,,,,ignore_mobile/photos/20250915_005304.jpg,,,,,,,,,"<a href=""https://waves-vagues.dfo-mpo.gc.ca/library-bibliotheque/40960791.pdf"">Link to Methods1</a>",,,511389,5978753
125231_us_ed1,Tributary to Table River,Sample collected 20m upstream of bridge.,Riffle,2025-09-17T21:13:44Z,,0.1,LS,AI,newgraph_airvine,newgraph_airvine,newgraph_airvine,164,Grab,Silica,10,,,1,Mce,,3,2025-09-18T04:27:55Z,,176,BT GR RB KO,,,,,,,,,Filter time good.,,,,,,,,,,ignore_mobile/photos/20250917_141656.jpg,ignore_mobile/photos/20250917_141658.jpg,ignore_mobile/photos/20250917_141700.jpg,,,,,,,"<a href=""https://waves-vagues.dfo-mpo.gc.ca/library-bibliotheque/40960791.pdf"">Link to Methods1</a>",,,549974,6065147
125261_ds_ed1,Fern Creek,Sample collected 100m downstream of culvert at spot easily accessible from road with no riparian vegetation.,Riffle,2025-09-17T23:32:48Z,,0.05,LS AI,,newgraph_airvine,newgraph_airvine,newgraph_airvine,166,Grab,Silica,10,,,1,Mce,,3,2025-09-18T05:07:06Z,,402,BT GR RB KO,,,,,10.9,279,8.3,, Possible to test for Burbot?  Filter time good         ,,,,,,,,,,ignore_mobile/photos/20250917_163937.jpg,ignore_mobile/photos/20250917_163939.jpg,ignore_mobile/photos/20250917_163941.jpg,,,,,,,"<a href=""https://waves-vagues.dfo-mpo.gc.ca/library-bibliotheque/40960791.pdf"">Link to Methods1</a>",,,534654,6067619
125261_us_ed1a,Fern Creek,Sample collected approximately 20m upstream of the road accessed from quad road located 15m east of the culvert. Can also access the site by just walking up left bank of stream for 15 - 20m.,Riffle,2025-09-18T00:06:31Z,,0.07,AI LS,,newgraph_airvine,newgraph_airvine,newgraph_airvine,,Instream,Silica,10,,,1,Mce,,,,,380,BT GR RB KO,,,,,,,,,Also did a grab sample at the same location .  See 125261_us_ed1b. See downstream site for water quality.            ,,,,,,,,,,ignore_mobile/photos/20250917_171026.jpg,,,ignore_mobile/photos/20250917_171030.jpg,,,,,,"<!DOCTYPE HTML PUBLIC ""-//W3C//DTD HTML 4.0//EN"" ""http://www.w3.org/TR/REC-html40/strict.dtd"">
<html><head><meta name=""qrichtext"" content=""1"" /><meta charset=""utf-8"" /><style type=""text/css"">
p, li { white-space: pre-wrap; }
hr { height: 1px; border-width: 0; }
li.unchecked::marker { content: ""\2610""; }
li.checked::marker { content: ""\2612""; }
</style></head><body style="" font-family:'Inter'; font-size:14px; font-weight:400; font-style:normal;"">
<p style="" margin-top:0px; margin-bottom:0px; margin-left:0px; margin-right:0px; -qt-block-indent:0; text-indent:0px;""><a href=""https://waves-vagues.dfo-mpo.gc.ca/library-bibliotheque/40960791.pdf""><span style="" text-decoration: underline; color:#007aff;"">Link to Methods1</span></a></p></body></html>",,,534601,6067772
125231_ds_ed1a,Tributary to Table River,"Samples taken roughly 20m ds of bridge, on right bank. At the bottom ef sites flagging. ",Riffle ,2025-09-17T18:11:53Z,,0.1,"Ls, ai, Mcleod",,newgraph_lschick,newgraph_lschick,newgraph_lschick,163,Instream,silica,10,,,1,Mce,,1,,,,BT GR RB KO,TRUE,FALSE,,,,,,,Blank ,TRUE,,,,,,,,,ignore_mobile/photos/20250917_113648.jpg,ignore_mobile/photos/20250917_113652.jpg,ignore_mobile/photos/20250917_113655.jpg,ignore_mobile/photos/20250917_113657.jpg,Card ,,,,,"<!DOCTYPE HTML PUBLIC ""-//W3C//DTD HTML 4.0//EN"" ""http://www.w3.org/TR/REC-html40/strict.dtd"">
<html><head><meta name=""qrichtext"" content=""1"" /><meta charset=""utf-8"" /><style type=""text/css"">
p, li { white-space: pre-wrap; }
hr { height: 1px; border-width: 0; }
li.unchecked::marker { content: ""\2610""; }
li.checked::marker { content: ""\2612""; }
</style></head><body style="" font-family:'Inter'; font-size:14px; font-weight:400; font-style:normal;"">
<p style="" margin-top:0px; margin-bottom:0px; margin-left:0px; margin-right:0px; -qt-block-indent:0; text-indent:0px;""><a href=""https://waves-vagues.dfo-mpo.gc.ca/library-bibliotheque/40960791.pdf""><span style="" text-decoration: underline; color:#0984ff;"">Link to Methods1</span></a></p></body></html>",,,549932,6065099
125231_ds_ed1c,Tributary to Table River,"Second sample after last try wasn’t working. 
",Riffle ,2025-09-17T18:24:59Z,,0.1,"Ls,ai",,newgraph_lschick,newgraph_lschick,newgraph_lschick,163,Instream,silica,10,,,1,Mce,,3,,,448,BT GR RB KO,,,,,,,,,,TRUE,,,,,,,,,ignore_mobile/photos/20250917_113716.jpg,ignore_mobile/photos/20250917_113719.jpg,ignore_mobile/photos/20250917_113724.jpg,ignore_mobile/photos/20250917_113726.jpg,Card,,,,,"<!DOCTYPE HTML PUBLIC ""-//W3C//DTD HTML 4.0//EN"" ""http://www.w3.org/TR/REC-html40/strict.dtd"">
<html><head><meta name=""qrichtext"" content=""1"" /><meta charset=""utf-8"" /><style type=""text/css"">
p, li { white-space: pre-wrap; }
hr { height: 1px; border-width: 0; }
li.unchecked::marker { content: ""\2610""; }
li.checked::marker { content: ""\2612""; }
</style></head><body style="" font-family:'Inter'; font-size:14px; font-weight:400; font-style:normal;"">
<p style="" margin-top:0px; margin-bottom:0px; margin-left:0px; margin-right:0px; -qt-block-indent:0; text-indent:0px;""><a href=""https://waves-vagues.dfo-mpo.gc.ca/library-bibliotheque/40960791.pdf""><span style="" text-decoration: underline; color:#0984ff;"">Link to Methods1</span></a></p></body></html>",,,549933,6065096
125180_ds_ed1,Tributary to Missinka River ,"Sample collected 30m down from the bridge, on the right bank of the stream. Sample collected at the bottom of the 2024 EF site.",Riffle,2025-09-18T16:55:02Z,,0.05,"LS,NJ,TM",,newgraph_lschick,newgraph_lschick,newgraph_lschick,432,Grab,silica,10,,,1,mce,,2,2025-09-19T11:11:11Z,,155,BT GR RB KO,FALSE,FALSE,FALSE,,8,63.3,7.9,,,FALSE,FALSE,FALSE,FALSE,FALSE,,,,,ignore_mobile/photos/20250918_102007.jpg,ignore_mobile/photos/20250918_102009.jpg,ignore_mobile/photos/20250918_102011.jpg,ignore_mobile/photos/20250918_102017.jpg,Card,,,,,"<!DOCTYPE HTML PUBLIC ""-//W3C//DTD HTML 4.0//EN"" ""http://www.w3.org/TR/REC-html40/strict.dtd"">
<html><head><meta name=""qrichtext"" content=""1"" /><style type=""text/css"">
p, li { white-space: pre-wrap; }
</style></head><body style="" font-family:'.AppleSystemUIFont'; font-size:13pt; font-weight:400; font-style:normal;"">
<p style="" margin-top:0px; margin-bottom:0px; margin-left:0px; margin-right:0px; -qt-block-indent:0; text-indent:0px;""><a href=""https://waves-vagues.dfo-mpo.gc.ca/library-bibliotheque/40960791.pdf""><span style="" text-decoration: underline; color:#419cff;"">Link to Methods1</span></a></p></body></html>",,,569661,6053009
24718557_ed1,Missinka River ,Sample collected 15m upstream from the bridge on the right bank. There is a better sampling location roughly 20m upstream where the thalweg reaches the stream bank. ,Run,2025-09-18T17:47:47Z,,0.1,"LS,AI,TM,NJ","LS,AI,TM,NJ",newgraph_lschick,newgraph_lschick,newgraph_lschick,433,Instream,silica,10,,,1,Mce,100,1.6,,,663,BT GR RB KO,,,,,9.6,168.5,7.66,,"Used a pre filter with nitex filter, 100um. Filter housing barb not submerged and filter worked properly. 
",,,,,,,,,,ignore_mobile/photos/20250918_105514.jpg,ignore_mobile/photos/20250918_105516.jpg,ignore_mobile/photos/20250918_105518.jpg,ignore_mobile/photos/20250918_105531.jpg,Card,ignore_mobile/photos/20250918_110140.jpg,Action shot ,,,"<a href=""https://waves-vagues.dfo-mpo.gc.ca/library-bibliotheque/40960791.pdf"">Link to Methods1</a>",,,566886,6052694
57690_ds_ed1,Tributary to Wichcika Creek,Sampled roughly 40m downstream of road crossing on right bank.          ,Riffle ,2025-09-18T21:24:52Z,,0.05,"Ls, NJ",AI,newgraph_lschick,newgraph_lschick,newgraph_lschick,434,Grab ,silica,10,,,1,Mce,,,,,,BT GR RB KO,,,,,7.5,345,8.41,,,,,,,,,,,,ignore_mobile/photos/20250918_143535.jpg,ignore_mobile/photos/20250918_143537.jpg,ignore_mobile/photos/20250918_143539.jpg,ignore_mobile/photos/20250918_143542.jpg,Card,,,,,"<a href=""https://waves-vagues.dfo-mpo.gc.ca/library-bibliotheque/40960791.pdf"">Link to Methods1</a>",,,555073,6046127
57695_ds_ed1,Tributary to Wichcika Creek,Sample collected 5m from the culvert outlet. left bank.,Riffle,2025-09-18T22:53:16Z,,0.5,"LS,NJ,TM",,newgraph_lschick,newgraph_lschick,newgraph_lschick,435,Instream,silica,10,,,1,mce,,2,,,207,BT GR RB KO,,,,,,,,,,,,,,,,,,,,,,,,,,,,"<a href=""https://waves-vagues.dfo-mpo.gc.ca/library-bibliotheque/40960791.pdf"">Link to Methods1</a>",,,563250,6038794
57695_us_ed1,Tributary to Wichcika Creek,Sample collected 10m upstream from the culvert. Left bank. ,Riffle,2025-09-18T23:09:49Z,,0.5,"LS,NJ,TM",,newgraph_lschick,newgraph_lschick,newgraph_lschick,436,Instream,silica,10,,,1,mce,,2,,,185,BT RB,,,,,6.5,258,8.4,,,,,,,,,,,,ignore_mobile/photos/20250918_163124.jpg,ignore_mobile/photos/20250918_163131.jpg,ignore_mobile/photos/20250918_163134.jpg,ignore_mobile/photos/20250918_163137.jpg,Card,,,,,"<a href=""https://waves-vagues.dfo-mpo.gc.ca/library-bibliotheque/40960791.pdf"">Link to Methods1</a>",,,563250,6038826
125180_us_ed1,Tributary to Missinka River ,Sample collected immediately upstream of culvert inlets.,Riffle,2025-09-18T17:19:24Z,,0.1,LS TM,,newgraph_airvine,newgraph_airvine,newgraph_airvine,168,Grab,silica,10,,,1,mce,,2,,,120,BT GR RB KO,FALSE,FALSE,FALSE,,8,63,7.9,,Electrofished last year with fish tagged. ,FALSE,FALSE,FALSE,FALSE,FALSE,,,,,ignore_mobile/photos/20250918_102423.jpg,ignore_mobile/photos/20250918_102425.jpg,ignore_mobile/photos/20250918_102427.jpg,,,,,,,"<!DOCTYPE HTML PUBLIC ""-//W3C//DTD HTML 4.0//EN"" ""http://www.w3.org/TR/REC-html40/strict.dtd"">
<html><head><meta name=""qrichtext"" content=""1"" /><style type=""text/css"">
p, li { white-space: pre-wrap; }
</style></head><body style="" font-family:'.AppleSystemUIFont'; font-size:13pt; font-weight:400; font-style:normal;"">
<p style="" margin-top:0px; margin-bottom:0px; margin-left:0px; margin-right:0px; -qt-block-indent:0; text-indent:0px;""><a href=""https://waves-vagues.dfo-mpo.gc.ca/library-bibliotheque/40960791.pdf""><span style="" text-decoration: underline; color:#419cff;"">Link to Methods1</span></a></p></body></html>",,,569667,6053040
125194_ds_ed1a,Tributary to Missinka River ,Sample collected at downstream location of electrocfishing site from 2024 approximately 130 m downstream of the road                    ,Low flows so pulling water out of pool area          ,2025-09-18T18:39:18Z,,0.05,TM,,newgraph_airvine,newgraph_airvine,newgraph_airvine,169,Grab ,silica,10,,,1,mce,,1,2025-09-19T06:18:07Z,,67,BT RB,FALSE,FALSE,FALSE,,8.6,208,7.7,,Low flows so sampling location wasn’t ideal in slow moving pool water but the site was at the bottom end of where we electrofished so should give good indication of whether or not there are fish in the site. We fished in 2024.,FALSE,FALSE,FALSE,FALSE,FALSE,,,,,ignore_mobile/photos/20250918_114635.jpg,ignore_mobile/photos/20250918_114637.jpg,ignore_mobile/photos/20250918_114640.jpg,ignore_mobile/photos/20250918_114704.jpg,Card,,,,,"<!DOCTYPE HTML PUBLIC ""-//W3C//DTD HTML 4.0//EN"" ""http://www.w3.org/TR/REC-html40/strict.dtd"">
<html><head><meta name=""qrichtext"" content=""1"" /><style type=""text/css"">
p, li { white-space: pre-wrap; }
</style></head><body style="" font-family:'.AppleSystemUIFont'; font-size:13pt; font-weight:400; font-style:normal;"">
<p style="" margin-top:0px; margin-bottom:0px; margin-left:0px; margin-right:0px; -qt-block-indent:0; text-indent:0px;""><a href=""https://waves-vagues.dfo-mpo.gc.ca/library-bibliotheque/40960791.pdf""><span style="" text-decoration: underline; color:#419cff;"">Link to Methods1</span></a></p></body></html>",,,563319,6050500
125000_ds_ed1,Tributary to Parsnip River,Sample collected 100m downstream of road at location of downstream electrofishjng site from 2023. Right bank.,Riffle,2025-09-18T19:53:18Z,,0.1,LS AI NJ TM,AI,newgraph_airvine,newgraph_airvine,newgraph_airvine,170,Grab,silica,10,,,1,mce,,1.8,2025-07-19T04:34:33Z,,,BT GR RB KO,FALSE,FALSE,FALSE,,9.2,64,7.7,,Riffle at outlet of run section. Surveyor stepped in stream upstream near outlet approximately 10 minutes earlier so chance of contamination. Known rainbow and sculpin stream. no filter time. Actual filter amount 1.8l but could not edit in QGIS.,FALSE,FALSE,FALSE,FALSE,FALSE,,,,,ignore_mobile/photos/20250918_125706.jpg,ignore_mobile/photos/20250918_125708.jpg,ignore_mobile/photos/20250918_125710.jpg,ignore_mobile/photos/20250918_125718.jpg,Card,,,,,"<!DOCTYPE HTML PUBLIC ""-//W3C//DTD HTML 4.0//EN"" ""http://www.w3.org/TR/REC-html40/strict.dtd"">
<html><head><meta name=""qrichtext"" content=""1"" /><style type=""text/css"">
p, li { white-space: pre-wrap; }
</style></head><body style="" font-family:'.AppleSystemUIFont'; font-size:13pt; font-weight:400; font-style:normal;"">
<p style="" margin-top:0px; margin-bottom:0px; margin-left:0px; margin-right:0px; -qt-block-indent:0; text-indent:0px;""><a href=""https://waves-vagues.dfo-mpo.gc.ca/library-bibliotheque/40960791.pdf""><span style="" text-decoration: underline; color:#419cff;"">Link to Methods1</span></a></p></body></html>",,,577462,6038232
125000_us_ed1,Tributary to Parsnip River,Sample collected 8m upstream of the culvert inlet.,Riffle,2025-09-18T20:10:28Z,,0.1,LS AI ,,newgraph_airvine,newgraph_airvine,newgraph_airvine,171,Instream ,silica,10,,,1,Mce,,1.6,2025-09-18T20:22:02Z,,671,BT GR RB KO,,,,,,,,,Filtering was very slow so we stopped at 1.6L.,,,,,,,,,,ignore_mobile/photos/20250918_132035.jpg,ignore_mobile/photos/20250918_132042.jpg,ignore_mobile/photos/20250918_132039.jpg,ignore_mobile/photos/20250918_132047.jpg,Card,,,,,"<a href=""https://waves-vagues.dfo-mpo.gc.ca/library-bibliotheque/40960791.pdf"">Link to Methods1</a>",,,577546,6038200
57690_us_ed1,Tributary to Wichcika Creek,Sample collected 30-45m upstream of culvert on left bank.,Riffle,2025-09-18T21:28:57Z,,0.1,AI NJ,AI NJ,newgraph_airvine,newgraph_airvine,newgraph_airvine,172,Instream,silica,10,,,1,Mce,,,2025-09-18T21:31:23Z,,,BT GR RB KO,,,,,,,,, Habitat confirmation completed in 2019. Fish was observed upstream of the crossing then. Low flows enabled crossing the channel by stepping over wet sections.          ,,,,,,,,,,,,,,,,,,,"<a href=""https://waves-vagues.dfo-mpo.gc.ca/library-bibliotheque/40960791.pdf"">Link to Methods1</a>",,,555001,6046160
57696_ds_ed1,Tributary to Wichcika Creek,Sample collected approximately 70m downstream of the culvert on the left bank where riffle is entering 30cm deep pool.          ,Riffle,2025-09-18T23:01:15Z,,0.01,AI,,newgraph_airvine,newgraph_airvine,newgraph_airvine,173,Grab,silica,10,,,1,mce,,2,2025-09-19T05:38:02Z,,120,BT RB,FALSE,FALSE,FALSE,,6.9,323,8.5,,Access road was quite grown in for the last 1km so had to use the quad to access the site.  Sample taken from surface of the water to depth of bottle.,FALSE,FALSE,FALSE,FALSE,FALSE,,,,,ignore_mobile/photos/20250918_160413.jpg,ignore_mobile/photos/20250918_160415.jpg,ignore_mobile/photos/20250918_160416.jpg,ignore_mobile/photos/20250918_160420.jpg,Card,,,,,"<!DOCTYPE HTML PUBLIC ""-//W3C//DTD HTML 4.0//EN"" ""http://www.w3.org/TR/REC-html40/strict.dtd"">
<html><head><meta name=""qrichtext"" content=""1"" /><style type=""text/css"">
p, li { white-space: pre-wrap; }
</style></head><body style="" font-family:'.AppleSystemUIFont'; font-size:13pt; font-weight:400; font-style:normal;"">
<p style="" margin-top:0px; margin-bottom:0px; margin-left:0px; margin-right:0px; -qt-block-indent:0; text-indent:0px;""><a href=""https://waves-vagues.dfo-mpo.gc.ca/library-bibliotheque/40960791.pdf""><span style="" text-decoration: underline; color:#419cff;"">Link to Methods1</span></a></p></body></html>",,,564123,6037925
57696_us_ed1,Tributary to Wichcika Creek,Sample collected immediately upstream of the culvert.          ,Riffle,2025-09-18T23:18:38Z,,0.05,AI,AI,newgraph_airvine,newgraph_airvine,newgraph_airvine,174,Grab,silica,10,,,1,mce,,2,2025-09-19T05:27:07Z,,103,BT RB,FALSE,FALSE,FALSE,,,,,,Road was very grown in for a small section 1km from the site so quad was used to access the site.  A narrow scratched up bush truck could get here no problem at this point in time. See downstream site for water quality          ,FALSE,FALSE,FALSE,FALSE,FALSE,,,,,ignore_mobile/photos/20250918_162510.jpg,ignore_mobile/photos/20250918_162512.jpg,ignore_mobile/photos/20250918_162513.jpg,ignore_mobile/photos/20250918_162520.jpg,Card,ignore_mobile/photos/20250918_162910.jpg,Bottles,,,"<!DOCTYPE HTML PUBLIC ""-//W3C//DTD HTML 4.0//EN"" ""http://www.w3.org/TR/REC-html40/strict.dtd"">
<html><head><meta name=""qrichtext"" content=""1"" /><style type=""text/css"">
p, li { white-space: pre-wrap; }
</style></head><body style="" font-family:'.AppleSystemUIFont'; font-size:13pt; font-weight:400; font-style:normal;"">
<p style="" margin-top:0px; margin-bottom:0px; margin-left:0px; margin-right:0px; -qt-block-indent:0; text-indent:0px;""><a href=""https://waves-vagues.dfo-mpo.gc.ca/library-bibliotheque/40960791.pdf""><span style="" text-decoration: underline; color:#419cff;"">Link to Methods1</span></a></p></body></html>",,,564173,6037943
125000_ds_ed1a,,office blank poured into cleaned blank container before filtering session,,2025-09-19T04:18:54Z,,,,AI,newgraph_airvine,newgraph_airvine,newgraph_airvine,,Grab,silica,10,,,1,mce,,1,2025-09-19T04:20:15Z,,53,BT RB,FALSE,TRUE,FALSE,,,,,,office blank poured into cleaned blank container before filtering session,FALSE,FALSE,FALSE,FALSE,FALSE,,,,,,,,,,,,,,"<!DOCTYPE HTML PUBLIC ""-//W3C//DTD HTML 4.0//EN"" ""http://www.w3.org/TR/REC-html40/strict.dtd"">
<html><head><meta name=""qrichtext"" content=""1"" /><style type=""text/css"">
p, li { white-space: pre-wrap; }
</style></head><body style="" font-family:'.AppleSystemUIFont'; font-size:13pt; font-weight:400; font-style:normal;"">
<p style="" margin-top:0px; margin-bottom:0px; margin-left:0px; margin-right:0px; -qt-block-indent:0; text-indent:0px;""><a href=""https://waves-vagues.dfo-mpo.gc.ca/library-bibliotheque/40960791.pdf""><span style="" text-decoration: underline; color:#419cff;"">Link to Methods1</span></a></p></body></html>",,,577431,6038230
125194_ds_ed1b,,Office blank. ,,2025-09-19T06:19:38Z,,,,AI,newgraph_airvine,newgraph_airvine,newgraph_airvine,,,silica,10,,,0.45,Mce,,,,,65,BT RB,FALSE,TRUE,FALSE,,,,,,,FALSE,FALSE,FALSE,FALSE,FALSE,,,,,,,,,,,,,,"<!DOCTYPE HTML PUBLIC ""-//W3C//DTD HTML 4.0//EN"" ""http://www.w3.org/TR/REC-html40/strict.dtd"">
<html><head><meta name=""qrichtext"" content=""1"" /><style type=""text/css"">
p, li { white-space: pre-wrap; }
</style></head><body style="" font-family:'.AppleSystemUIFont'; font-size:13pt; font-weight:400; font-style:normal;"">
<p style="" margin-top:0px; margin-bottom:0px; margin-left:0px; margin-right:0px; -qt-block-indent:0; text-indent:0px;""><a href=""https://waves-vagues.dfo-mpo.gc.ca/library-bibliotheque/40960791.pdf""><span style="" text-decoration: underline; color:#419cff;"">Link to Methods1</span></a></p></body></html>",,,563324,6050501
198692_ds_ed1a,Tributary to Kerry Lake,Field blank done at location of actual site approximately 100 to 120 m downstream by the cover          ,,2025-09-19T17:15:33Z,,,LS AI,LS AI,newgraph_airvine,newgraph_airvine,newgraph_airvine,175,Instream ,Silica,10,,,1,Mce,,1,2025-09-19T17:17:29Z,,52,BT GR RB KO,TRUE,,,,6.1,189,7.8,,At same location  as downstream site,,,,,,,,,,ignore_mobile/photos/20250919_101939.jpg,ignore_mobile/photos/20250919_101944.jpg,ignore_mobile/photos/20250919_101946.jpg,ignore_mobile/photos/20250919_101959.jpg,,,,,,"<a href=""https://waves-vagues.dfo-mpo.gc.ca/library-bibliotheque/40960791.pdf"">Link to Methods1</a>",,,511794,6059335
198692_ds_ed1b,Tributary to Kerry Lake,Sample collected approximately 100 - 120m downstream of the culvert.,Pool,2025-09-19T17:27:39Z,,0.1,AI LS NJ RJ Tm,AI LS NJ RJ Tm,newgraph_airvine,newgraph_airvine,newgraph_airvine,176,Instream ,silica,10,,,1,Mce ,,2,2025-09-19T17:31:03Z,,137,BT GR RB KO,,,,,,,,,Field blank at same site ,TRUE,,,,,,,,,ignore_mobile/photos/20250919_103243.jpg,ignore_mobile/photos/20250919_103249.jpg,ignore_mobile/photos/20250919_103252.jpg,,,,,,,"<a href=""https://waves-vagues.dfo-mpo.gc.ca/library-bibliotheque/40960791.pdf"">Link to Methods1</a>",,,511789,6059338
198692_ds_ed2,Tributary to Kerry Lake,Sample collected within outlet pool at culvert.,,2025-09-19T17:38:45Z,,0.1,,,newgraph_airvine,newgraph_airvine,newgraph_airvine,,Instream,silica,10,,,1,Mce,,2,2025-09-19T17:53:37Z,,191,BT GR RB KO,,,,,,,,,,,,,,,,,,,ignore_mobile/photos/20250919_104021.jpg,ignore_mobile/photos/20250919_104023.jpg,ignore_mobile/photos/20250919_104025.jpg,ignore_mobile/photos/20250919_104028.jpg,Card,,,,,"<a href=""https://waves-vagues.dfo-mpo.gc.ca/library-bibliotheque/40960791.pdf"">Link to Methods1</a>",,,511749,6059306
198692_us_ed1,Tributary to Kerry Lake,Sample collected 25m upstream of culvert near top end of electrofishing site.,,2025-09-19T18:02:43Z,,0.1,,,newgraph_airvine,newgraph_airvine,newgraph_airvine,178,Instream,silica,10,,,1,Mce,,2,2025-09-19T18:04:20Z,,185,BT GR RB KO,,,,,,,,,,TRUE,,,,,,,,,ignore_mobile/photos/20250919_110559.jpg,ignore_mobile/photos/20250919_110601.jpg,ignore_mobile/photos/20250919_110603.jpg,ignore_mobile/photos/20250919_110606.jpg,Card,,,,,"<a href=""https://waves-vagues.dfo-mpo.gc.ca/library-bibliotheque/40960791.pdf"">Link to Methods1</a>",,,511714,6059302
199663_ds_ed1,Tributary to Parsnip River,Sample collected 15m downstream of culvert right bank.  Site was chosen close to the culvert because of the wetland that was just downstream of this area - and wanted some flow.  ,Riffle,2025-09-21T23:48:28Z,,0.1,AI,AI,newgraph_airvine,newgraph_airvine,newgraph_airvine,183,Instream,silica,10,,,1,Mce,,2,2025-09-22T00:13:34Z,,235,BT RB GR BB,,,,,7,310,8.2,,,,,,,,,,,,ignore_mobile/photos/20250921_165423.jpg,ignore_mobile/photos/20250921_165425.jpg,ignore_mobile/photos/20250921_165427.jpg,ignore_mobile/photos/20250921_165432.jpg,Card,,,,,"<a href=""https://waves-vagues.dfo-mpo.gc.ca/library-bibliotheque/40960791.pdf"">Link to Methods1</a>",,,515426,6094959
199663_us_ed1,Tributary to Parsnip River ,Sample collected 25m upstream of culvert inlet on the right bank,Riffle ,2025-09-22T00:58:24Z,,0.05,AI,AI,newgraph_airvine,newgraph_airvine,newgraph_airvine,185,Instream ,silica,10,,,1,Mce,,2.9,,,212,BT RB GR BB,,,,,,,,,See downstream site for water quality information          ,,TRUE,TRUE,,,,,,,ignore_mobile/photos/20250921_180127.jpg,ignore_mobile/photos/20250921_180129.jpg,ignore_mobile/photos/20250921_180131.jpg,ignore_mobile/photos/20250921_180134.jpg,Card,,,,,"<a href=""https://waves-vagues.dfo-mpo.gc.ca/library-bibliotheque/40960791.pdf"">Link to Methods1</a>",,,515391,6095013
15201563_ds_ed1b,Tributary to Nation River,Sample collected 350 - 400m downstream of culvert. Right bank. Accessed via historic road which is now wildlife trail.,Riffle,2025-09-22T20:23:29Z,2025-09-23T13:32:13Z,0.1,AI,AI,newgraph_airvine,newgraph_airvine,newgraph_airvine,187,Grab,Silica,10,,,1,Mce,,1.7,,,170,BT GR RB KO,FALSE,FALSE,FALSE,,6.5,188,7.5,,Grab sample at bottom end of habitat confirmation site and filtered at truck.  Although in dessicant - samples were accidentally left on kitchen counter overnight.             ,FALSE,TRUE,TRUE,FALSE,FALSE,,,,,ignore_mobile/photos/20250922_132732.jpg,ignore_mobile/photos/20250922_132733.jpg,ignore_mobile/photos/20250922_132734.jpg,ignore_mobile/photos/20250922_132737.jpg,Card,ignore_mobile/photos/20250922_144951.jpg,Sample,,,"<!DOCTYPE HTML PUBLIC ""-//W3C//DTD HTML 4.0//EN"" ""http://www.w3.org/TR/REC-html40/strict.dtd"">
<html><head><meta name=""qrichtext"" content=""1"" /><style type=""text/css"">
p, li { white-space: pre-wrap; }
</style></head><body style="" font-family:'.AppleSystemUIFont'; font-size:13pt; font-weight:400; font-style:normal;"">
<p style="" margin-top:0px; margin-bottom:0px; margin-left:0px; margin-right:0px; -qt-block-indent:0; text-indent:0px;""><a href=""https://waves-vagues.dfo-mpo.gc.ca/library-bibliotheque/40960791.pdf""><span style="" font-family:'Inter'; font-size:14px; text-decoration: underline; color:#007aff;"">Link to Methods1</span></a></p></body></html>",,,426038,6122331
15201563_ds_ed1a,Tributary to Nation River,Truck.  Field blank.,,2025-09-22T21:27:00Z,2025-09-23T13:32:18Z,,AI,AI,newgraph_airvine,newgraph_airvine,newgraph_airvine,,Instream,Silica,10,,,1,Mce,,0.75,,,55,BT GR RB KO,TRUE,FALSE,FALSE,,,,,,Only decontaminated the outside of the hose to be consistent with protocols to date. Field blank filtered on the tailgate of the truck with distilled water. Of note – much of the water used in past blanks was actually spring water and not distilled. Apparently neither is ideal however distilled is notably better. Primed sample tube with distilled water before sampling and left the pump running attached the housing. Although in desiccant - samples were accidentally left on kitchen counter overnight.,FALSE,FALSE,FALSE,FALSE,FALSE,,,,,ignore_mobile/photos/20250922_143844.jpg,,,ignore_mobile/photos/20250922_143854.jpg,Sample bag,ignore_mobile/photos/20250922_143905.jpg,Card,,,"<!DOCTYPE HTML PUBLIC ""-//W3C//DTD HTML 4.0//EN"" ""http://www.w3.org/TR/REC-html40/strict.dtd"">
<html><head><meta name=""qrichtext"" content=""1"" /><style type=""text/css"">
p, li { white-space: pre-wrap; }
</style></head><body style="" font-family:'.AppleSystemUIFont'; font-size:13pt; font-weight:400; font-style:normal;"">
<p style="" margin-top:0px; margin-bottom:0px; margin-left:0px; margin-right:0px; -qt-block-indent:0; text-indent:0px;""><a href=""https://waves-vagues.dfo-mpo.gc.ca/library-bibliotheque/40960791.pdf""><span style="" text-decoration: underline; color:#419cff;"">Link to Methods1</span></a></p></body></html>",,,425989,6122732
15201563_us_ed1,Tributary to Nation River,Sample collected 5m upstream of the culvert on the left bank          ,Riffle,2025-09-22T22:17:56Z,2025-09-23T13:29:53Z,0.1,AI,AI,newgraph_airvine,newgraph_airvine,newgraph_airvine,188,Inatream,Silica ,10,,,1,Mce,,2,2025-09-22T22:19:31Z,,204,BT GR RB KO,FALSE,FALSE,FALSE,,,,,,Sample hose not disinfected since downstream site.    See downstream site for water quality. Habitat confirmation completed.  Although in dessicant - samples were accidentally left on kitchen counter overnight.        ,FALSE,TRUE,TRUE,FALSE,FALSE,,,,,ignore_mobile/photos/20250922_152102.jpg,ignore_mobile/photos/20250922_152103.jpg,ignore_mobile/photos/20250922_152105.jpg,,,,,,,"<!DOCTYPE HTML PUBLIC ""-//W3C//DTD HTML 4.0//EN"" ""http://www.w3.org/TR/REC-html40/strict.dtd"">
<html><head><meta name=""qrichtext"" content=""1"" /><style type=""text/css"">
p, li { white-space: pre-wrap; }
</style></head><body style="" font-family:'.AppleSystemUIFont'; font-size:13pt; font-weight:400; font-style:normal;"">
<p style="" margin-top:0px; margin-bottom:0px; margin-left:0px; margin-right:0px; -qt-block-indent:0; text-indent:0px;""><a href=""https://waves-vagues.dfo-mpo.gc.ca/library-bibliotheque/40960791.pdf""><span style="" text-decoration: underline; color:#419cff;"">Link to Methods1</span></a></p></body></html>",,,425957,6122718
16401519_ds_ed1,Tributary to Williston Reservoir ,Sample collected 15m downstream of the culvert outlet on the right bank          ,Riffle,2025-09-23T21:20:00Z,,0.1,AI,,newgraph_airvine,newgraph_airvine,newgraph_airvine,202,Grab,Silica ,10,,,1,Mce,,,,,,BT GR RB KO,,,,,6.8,251,7.6,,NULL          ,,,,,,,,,,ignore_mobile/photos/20250923_142156.jpg,ignore_mobile/photos/20250923_142157.jpg,ignore_mobile/photos/20250923_142159.jpg,ignore_mobile/photos/20250923_142205.jpg,Card,,,,,"<a href=""https://waves-vagues.dfo-mpo.gc.ca/library-bibliotheque/40960791.pdf"">Link to Methods1</a>",,,486540,6124999
16401519_us_ed1,Tributary to Williston Reservoir ," Approximately 45 m upstream of culvert inlet on the left bank
",Riffle,2025-09-23T21:45:20Z,,0.1,AI,,newgraph_airvine,newgraph_airvine,newgraph_airvine,203,Instream,Silica ,10,,,1,Mce,,2,2025-09-23T21:47:09Z,,150,BT GR RB KO,,,,,,,,,"First sample of the day. Equipment was disinfected and rinsed the night before. Machine primed, and left running before filter put on and out during when filter was removed from hose. See downstream site for water quality info. Habitat confirmation assessment and culvert assessment also conducted.",,TRUE,TRUE,,,,,,,ignore_mobile/photos/20250923_144845.jpg,ignore_mobile/photos/20250923_144848.jpg,ignore_mobile/photos/20250923_144850.jpg,ignore_mobile/photos/20250923_144854.jpg,Card,,,,,"<a href=""https://waves-vagues.dfo-mpo.gc.ca/library-bibliotheque/40960791.pdf"">Link to Methods1</a>",,,486479,6124932
125261_us_ed1b,Fern Creek,Sample collected approximately 20m upstream of the road accessed from quad road located 15m east of the culvert. Can also access the site by just walking up left bank of stream for 15 - 20m.,Riffle,2025-09-18T00:06:31Z,,,AI LS,AI,newgraph_lschick,newgraph_lschick,newgraph_lschick,,Grab,Silica,10,,,1,Mce,,,,,317,BT GR RB KO,,,,,,,,,Second sample taken at site with grab bottle. Filtered at 9:45pm that night. ,,,,,,,,,,ignore_mobile/photos/20250917_171026.jpg,,,,,,,,,"<!DOCTYPE HTML PUBLIC ""-//W3C//DTD HTML 4.0//EN"" ""http://www.w3.org/TR/REC-html40/strict.dtd"">
<html><head><meta name=""qrichtext"" content=""1"" /><meta charset=""utf-8"" /><style type=""text/css"">
p, li { white-space: pre-wrap; }
hr { height: 1px; border-width: 0; }
li.unchecked::marker { content: ""\2610""; }
li.checked::marker { content: ""\2612""; }
</style></head><body style="" font-family:'Inter'; font-size:14px; font-weight:400; font-style:normal;"">
<p style="" margin-top:0px; margin-bottom:0px; margin-left:0px; margin-right:0px; -qt-block-indent:0; text-indent:0px;""><a href=""https://waves-vagues.dfo-mpo.gc.ca/library-bibliotheque/40960791.pdf""><span style="" text-decoration: underline; color:#007aff;"">Link to Methods1</span></a></p></body></html>",,,534601,6067772
